,Unnamed: 0,Unnamed: 0.1,playerId,teamId,role,name,team,eliminations_avg_per_10m,deaths_avg_per_10m,hero_damage_avg_per_10m,healing_avg_per_10m,ultimates_earned_avg_per_10m,final_blows_avg_per_10m,time_played_total,total_elims,total_deaths,total_hero_damage,total_healing,total_ultimates,total_final_blows
0,0,0,5197,7697,flexdps,Ado,WAS,7.552726796,4.286682776,3892.476963,8400.935983,4.184618901,1.735085886,5878.671531,73.99999999511007,41.99999999616542,38137.65584576907,82310.571995026,41.00000000232202,17.00000000311352
1,1,1,8675,7693,flexdps,Adora,HZS,14.88742577,2.835700147,4321.695272,8557.819748,4.608012738999999,2.835700147,1692.703654,41.99999999922127,8.00000000079206,12192.24896398154,24143.087929521593,13.000000001639744,8.00000000079206
2,2,2,4142,4405,flexdps,Agilities,VAL,16.35935451,5.080544878,6301.659466,9740.823188,5.486988468,3.353159619,11809.75691,321.9999999460203,99.99999996587603,124035.11070510068,191727.92325595208,107.9999999584222,65.99999996803037
3,3,3,8751,7695,flexsupport,Aid,TOR,16.25304355,4.920646212,7053.518558,10708.95709,4.721832223,3.181023814,12071.5852,326.9999999552258,98.99999997869212,141911.91705446356,215456.81319179843,94.99999996674983,63.99999998988326
4,4,4,5863,4402,flexsupport,AimGod,BOS,13.36594952,5.213274915,7339.745511,10083.86329,4.714131571999999,3.771305258,10818.53555,241.00000006937574,93.99999999975122,132342.16289784404,181821.05580700826,84.9999999984323,68.00000000595821
5,5,5,3985,4523,maindps,aKm,DAL,21.57937277,3.993335887,9972.377156,36.82700924,4.838080017,6.988337802,7813.016706999999,280.999999964318,52.00000000298943,129857.24888055521,479.5500641016055,63.000000004373064,91.00000000197608
6,6,6,8672,4402,mainsupport,alemao,BOS,13.04598544,4.711050298,4793.268094,4990.147962,3.26149636,1.811942422,1655.681749,35.99999998454623,12.999999995032686,13226.877502166362,13770.16150915491,8.999999996136557,4.999999997240427
7,7,7,8812,7692,maintank,ameng,CDH,15.80067328,6.3641600710000015,7174.873348,0.0,4.553666258,4.663393156000001,10936.24284,288.0000000426322,116.00000001514611,130776.92879995306,0.0,83.00000001633683,85.00000002068336
8,8,8,4841,4403,mainsupport,Anamo,NYE,19.4065,1.922625387,5031.968114,6296.539292,3.484758513,1.862543343,9986.344783,323.00000005214923,32.00000000521801,83751.61420577708,104799.02051603119,57.99999999385398,30.99999999413238
9,9,9,5715,4404,flexdps,Architect,SFS,15.43231058,4.522288815,5232.024387,8323.088899,4.7484032560000005,3.957002713,10614.09431,272.99999986221803,79.99999996578023,92555.33379306324,147236.75087416678,83.9999999684918,69.99999996784645
10,10,10,4652,4403,mainsupport,ArK,NYE,11.06645104,3.90580625,2641.430743,4385.420339,1.952903125,1.301935417,921.7047056,16.999999996433356,5.999999999644817,4057.6985755660066,6736.770937483746,2.9999999998224083,2.0000000003936638
11,11,11,5878,4402,maintank,Axxiom,BOS,13.58901456,6.3230516739999985,7227.732159,0.0,3.771644858,3.383387299,10817.56145,245.00000007957453,114.00000005836725,130310.72795687277,0.0,68.00000003165253,61.00000002680336
12,12,12,8896,7692,maindps,Baconjack,CDH,13.25182571,5.861384451,6375.114973,44.00052054,3.950063434,5.606541647999999,4708.78514,103.99999996852992,46.0000000044931,50031.744417756505,345.31499545169464,31.00000000012762,43.99999999815585
13,13,13,8676,7693,flexdps,Bazzi,HZS,15.74084751,6.082903782000001,5526.40301,7021.033965000001,4.642216044,4.108627993,11244.62961,294.99999999573464,113.99999996976366,103570.59153839854,131581.5440260912,86.99999997396579,76.99999997760445
14,14,14,4655,4410,flexsupport,Bdosin,LDN,15.82248001,3.870943122,7900.293126,7578.818805,4.2580374339999985,4.3064242230000005,12400.07887,327.000000071664,80.00000002347339,163273.7630975314,156629.9182057319,88.00000002168733,89.00000002146412
15,15,15,8731,7693,flexsupport,BEBE,HZS,15.20943616,4.506499603,7476.628731,10190.69743,5.132402325,3.0669233410000003,9586.154179,243.00000000902946,72.00000000326715,119453.52625751184,162815.99459253176,81.99999999351344,49.000000003332985
16,16,16,8708,7694,maintank,BenBest,PAR,17.22860127,5.996695468,7923.8985269999985,0.0,5.044839045,4.664096475,6303.471671,181.00000006066605,63.00000000358683,83246.78314803855,0.0,53.000000008187,49.00000000162244
17,17,17,4643,4406,mainsupport,BigG00se,GLA,13.97914774,4.955294909,4790.626201,4375.194179,3.129659943,2.71237195,11502.84717,268.00000003345144,95.00000003417675,91843.06839783449,83878.64996685104,60.00000003066651,52.0000000150748
18,18,18,4656,4410,maindps,BIRDRING,LDN,17.05188652,4.93916713,9647.421402,12.96531349,4.351171043,6.820754608,5102.07477,144.99999999099182,41.99999999797719,82036.44221783706,110.24999807078274,36.999999997408146,57.99999999639673
19,19,19,8184,4402,flexdps,blase,BOS,13.5335529,5.879330359,4670.514451,8554.467216,4.880953506,3.216992083,10817.55848,243.99999989653935,105.99999996953649,84205.93867562932,154230.74895720463,87.99999998219339,57.99999997924919
20,20,20,4625,4525,mainsupport,Boink,HOU,11.70161781,4.732271908,3897.233711,6326.969349,3.3986316430000003,2.237073993,13946.78947,272.00000009078747,110.0000000261187,90589.83013783972,147068.18248940993,79.00000001833534,52.000000015305424
21,21,21,4079,4524,flexsupport,Boombox,PHI,18.7080584,5.238256353,7737.855767,8169.091241,5.4045502060000015,4.489934017,7216.14168,224.99999995352348,62.999999999013475,93062.43919012844,98248.86631983837,65.00000000528199,54.00000000087255
22,22,22,8704,4407,maindps,bqb,FLA,20.29258395,5.027165812,9655.064375,85.31300416,4.53671061,5.578927912999999,9786.826583,331.000000066032,82.00000001005063,157487.4011430438,1391.572628314463,73.99999999554358,91.00000000598185
23,23,23,8771,7696,maintank,BUMPER,VAN,16.22831366,5.969701095,8455.790443,0.0,5.100327149,5.795826306,10352.27711,280.0000000605306,102.99999999885073,145894.47641670945,0.0,87.99999999684044,100.00000000189944
24,24,24,4620,4524,maindps,carpe,PHI,20.10110274,5.125558348,9941.185978,10.8812073,4.323297042,7.443202123,13461.94801,451.0000000492476,115.00000000499581,223046.21465596167,244.13707826438747,97.0000000186513,167.00000001291272
25,25,25,8721,7699,mainsupport,Chara,GZC,13.67743434,4.301773704,4942.397495,5107.625399000001,2.9781510260000004,2.592094411,10879.23336,247.9999999182293,77.99999997954595,89615.82617664072,92611.74771864021,53.99999998862906,46.999999980701254
26,26,26,5831,4404,offtank,Choihyobin,SFS,18.95195283,3.092578077,6677.413182,23.00126713,3.092578077,6.026562406,7566.502581000002,239.0000000053088,39.000000002607536,84207.77346001072,290.0652451756925,39.000000002607536,75.99999999926096
27,27,27,4663,4523,mainsupport,Closer,DAL,12.40378761,3.69582243,3742.824652,5300.104541,2.885779158,1.4175757269999998,11851.21873,245.00000007762327,73.00000000861687,73928.38936481356,104687.83034542875,57.000000013222056,28.00000001169294
28,28,28,5306,4402,maindps,ColourHex,BOS,14.86341662,5.780217576,8726.912674,33.51272696,3.922290498,4.12872684,2906.4649870000007,71.9999999887065,28.00000000314336,42274.110219312584,162.33927921355163,19.000000002132996,20.000000002245258
29,29,29,8892,4408,mainsupport,CoMa,SHD,11.06000489,4.078376803,3400.6385909999995,5583.421757,2.9032512839999995,1.866375825,8679.923829000001,159.99999998927922,58.99999999333424,49195.47323306314,80772.79259323559,42.00000000261075,26.999999995478394
30,30,30,4138,4525,offtank,coolmatt,HOU,19.27529338,4.72790215,8909.241195,1.905252338,4.72790215,5.000665736,6599.121346,211.99999999061748,51.99999999977383,97988.60624431176,20.954985622020345,51.99999999977383,55.00000000441401
31,31,31,8784,7697,maindps,Corey,WAS,8.881028823,5.512362717999999,8879.73514,0.0,4.287393225,3.368666105,5877.697397,86.99999999271512,53.99999999818073,86987.32686404572,0.0,41.99999999749656,32.999999994534384
32,32,32,3577,4405,mainsupport,Custa,VAL,14.44798016,4.514993799999999,4927.264929,5851.685291,3.499120195,1.918872365,5315.621917,127.99999999146195,39.99999999733185,43652.46241242975,51842.24430704354,30.999999997932193,16.99999999886604
33,33,33,8701,7698,offtank,Daco,ATL,22.20438447,3.073271207,7094.656267,0.594293793,2.151289845,5.992878855,7809.268489,288.99999993202,39.99999999162683,92340.12604361579,7.7349996514719805,27.999999995440323,78.00000000124317
34,34,34,8711,7698,maindps,dafran,ATL,21.13339424,5.4811209660000015,10662.47764,38.33548275,4.97256335,7.967402641,10618.26593,374.00000007308375,97.00000001914417,188695.03842366464,678.4272506573793,88.0000000067861,141.0000000225372
35,35,35,4489,4525,maindps,Danteh,HOU,18.15345218,4.344783579,9997.699855,518.3889735,5.033066127,5.119101445,13947.76032,421.9999999787025,101.00000000360629,232409.20221473128,12050.60859151472,117.00000002351113,119.00000001437611
36,36,36,8895,4408,maindps,DDing,SHD,17.58169329,3.375057194,7605.157895,2010.8540920000007,5.023340939,5.258810046000001,7644.314901999999,224.00000003190067,43.00000000532751,96893.70304801907,25619.336502038805,63.999999996373944,67.00000000237519
37,37,37,8893,4408,maindps,diem,SHD,18.72867786,4.90677538,9728.359569,52.57721723,5.18321343,7.740265389,8681.872859000001,270.99999999614704,70.99999999471903,140767.30150782343,760.7811921181404,75.00000000053551,112.00000000369366
38,38,38,9251,7698,flexsupport,Dogman,ATL,18.30732981,5.662060767000001,6703.494792,7418.957673000001,4.435280934,5.473325407999999,6358.1090840000015,193.99999994790835,59.99999999470454,71035.91855260317,78617.5702908547,46.999999994262346,57.99999999382135
39,39,39,4616,4523,maindps,EFFECT,DAL,13.17206182,6.146962184,9168.783912,8.554601402000001,4.6102216380000005,4.6102216380000005,5466.114642000001,119.99999996605197,55.99999999630451,83529.37331786209,77.9340532999099,41.999999997228386,41.999999997228386
40,40,40,8722,7699,flexdps,Eileen,GZC,16.50770822,3.763415345,6474.6029899999985,2678.61512,4.704269181,5.046397849,7014.904702,193.00000001953677,43.99999999869908,75697.87159689041,31317.049666893825,54.99999999545098,58.999999998521304
41,41,41,5175,4524,flexsupport,Elk,PHI,13.06476629,5.475674108,6413.144662,7953.25943,4.226836154,4.034707238,6245.806329,135.9999999683131,56.999999998813045,66758.76586452028,82790.8634734549,44.000000003832035,42.00000000460419
42,42,42,8787,7692,offtank,Elsa,CDH,17.88707123,3.895650482,7030.704751,70.59268334,2.962889099,6.309856415,10935.27261,326.00000015756336,71.00000002324651,128137.78848767864,1286.5837276571756,54.00000001793713,115.00000004663714
43,43,43,4634,7695,offtank,Envy,TOR,20.22932331,4.274500749,7386.293906,249.7328476,3.379837802,5.914716153,12071.5852,406.99999979168507,85.99999996502886,148607.12699753296,5024.452245070026,67.99999998170621,118.9999999579262
44,44,44,4083,4524,flexdps,eqo,PHI,18.14133073,5.304222006,5644.191269,8214.074383,4.27903624,3.3429970630000003,13460.97503,406.9999999458361,118.99999996057085,126627.19622758836,184282.41694020943,95.99999996517514,74.99999998401057
45,45,45,8692,7698,flexdps,Erster,ATL,21.37297628,4.150092482,6121.855498,5767.536851,4.565101731,5.464288435,8674.505484000001,308.9999999171032,59.99999999036029,88506.78181609426,83384.21673861933,66.00000000096233,78.9999999926088
46,46,46,8684,7697,mainsupport,Fahzix,WAS,7.70253416,3.648568813,4603.356347999998,6901.28565,3.513436634,1.081057426,4440.097154,57.000000004006296,27.000000004624095,34065.582366004375,51070.63128917673,25.99999999897123,8.000000000821943
47,47,47,4636,4405,maintank,Fate,VAL,14.7856036,6.351204295,7976.835078,0.0,4.522057458,4.369628555,11808.78405,290.9999999355043,124.99999996181249,156994.5380642782,0.0,88.99999997202325,85.99999997451425
48,48,48,5864,7694,offtank,Finnsi,PAR,23.31688764,3.426154919,6922.6954209999985,0.0,4.1875226780000006,6.757138867,6304.443469,244.99999999900803,36.000000004786294,72739.56989133275,0.0,43.99999999767749,70.99999999864035
49,49,49,4657,4409,maintank,Fissure,SEO,17.17236807,5.370267832000001,7974.901068000001,0.0,4.308703261000002,6.244497479,9608.45932,275.00000004776984,86.00000000212766,127710.85415483761,0.0,69.00000000878309,100.00000000135674
50,50,50,4631,4409,maindps,Fleta,SEO,20.23012521,4.308267407,10576.97638,529.9096857,3.996074116,7.11800702,9609.431377,323.9999999226879,69.00000000222039,169397.88116626648,8486.884601236312,63.999999991846565,113.99999999949044
51,51,51,4659,4410,offtank,Fury,LDN,19.59510902,2.515915232,6886.406284999999,22.57663377,3.193277025,6.338171064,12401.05374,404.9999999969645,51.99999999552761,142331.1573595979,466.6234144167813,65.99999998955387,130.99999996329495
52,52,52,8203,4402,maintank,Fusions,BOS,13.27413047,7.130104366,7635.748340999998,0.0,4.323573924,4.475278272,7910.122644,175.0000000169289,93.99999999929979,100666.17642671586,0.0,56.99999999873389,58.99999999591398
53,53,53,4606,4408,maintank,Gamsu,SHD,18.24354412,6.2643494870000005,7185.242481,0.0,4.176232991,6.594052091,5459.465515,165.99999999086836,56.99999999697407,65379.305903220906,0.0,37.999999994949675,59.9999999915469
54,54,54,8712,7698,maintank,Gator,ATL,13.43737191,5.8788502110000005,6701.287101,0.0,4.199178722,5.8788502110000005,714.4254147,15.999999998799803,6.999999999921431,7979.283026926144,0.0,4.9999999997737765,6.999999999921431
55,55,55,5210,4408,offtank,Geguri,SHD,16.85837018,5.43818393,6097.47149,0.0,3.589201394,4.241783465,5516.547507,154.99999998093693,50.00000000274827,56061.65191193846,0.0,33.00000000365271,38.99999999846596
56,56,56,4666,4410,maintank,Gesture,LDN,16.35473371,4.983838971,7330.782136,0.0,4.3548107510000005,5.080612543,12400.07961,338.0000000072512,103.00000000636747,151503.80348327642,0.0,89.99999999813983,105.00000000127427
57,57,57,4413,7697,flexsupport,Gido,WAS,8.268544077,4.695716388999999,7858.324109,10157.86343,4.899877971,2.143696612,5877.697397,80.99999999727112,45.99999999445923,76981.4186004194,99508.07906932083,47.99999999294058,20.999999993850196
58,58,58,8713,7693,maindps,GodsB,HZS,18.13220135,4.359148151,9814.268754,96.60474994,4.080904652,5.8431134789999986,12938.30768,390.99999997001896,94.0000000005685,211633.38132243708,2083.169963455303,88.00000000053222,126.000000000762
59,59,59,8789,4410,flexdps,Guard,LDN,18.5779409,3.45253769,6192.754774,7423.766804000001,5.178806535,3.534740968,7298.978973,225.99999998456119,42.00000000466666,75334.64480061895,90309.86300475236,63.00000000699998,43.00000000072278
60,60,60,8741,7693,maintank,Guxue,HZS,13.80556815,6.002420934,8554.840958,0.0,4.951997271000001,3.6014525610000003,3998.386695,92.00000001312627,40.000000000491795,57009.27044051377,0.0,33.00000000340452,24.000000004293465
61,61,61,4664,4407,flexsupport,HaGoPeun,FLA,14.16330741,5.579484735,5552.743021,8587.732665000001,4.107972278,3.2495900110000004,9785.849875,231.00000007955845,90.9999999942736,90563.84932993329,140063.77104387278,67.00000000528294,53.00000000490934
62,62,62,8750,7696,flexdps,Haksal,VAN,17.96875229,3.999496478,5656.630541,9167.420921,4.9848796680000005,4.695061082,10351.30303,310.0000000413274,69.00000001865955,97589.16143107308,158157.9199280545,86.00000001925633,81.00000000690278
63,63,63,8723,7699,maindps,Happy,GZC,16.9880153,4.357315613,8810.598109999999,1512.837264,4.357315613,6.287771897000001,10878.25721,307.9999998680255,78.99999997227137,159739.92069086642,27428.38812444112,78.99999997227137,113.99999995562605
64,64,64,4671,7699,offtank,HOTBA,GZC,17.9256655,3.254197736,6702.361844,4.005309648,3.088730055,5.791368853,10878.25721,324.99999994903874,58.999999974012795,121516.69342253648,72.61798092773093,55.99999998424575,104.99999996819446
65,65,65,4645,4406,flexdps,Hydration,GLA,15.440957699999998,5.581697546,5700.475864,9105.002129,5.320870558,3.129923857,11501.87725,296.0000001464038,107.00000003453036,109276.95609052615,174541.02808124444,102.000000035425,60.00000000843425
66,66,66,8782,7697,mainsupport,Hyeonu,WAS,6.677800952999999,6.260438392999999,3572.63484,7475.306214,3.756263036,0.834725119,1437.599004,15.999999998238415,14.999999997300266,8560.027146066166,17910.821279735683,8.999999998859359,1.9999999994803024
67,67,67,8742,7694,mainsupport,HyP,PAR,19.41787104,4.378539548,7307.229725,9425.879665,4.47372519,4.85446776,6303.471671,204.00000001961888,46.00000000195191,76768.1926083777,99026.27573763746,46.99999999834016,51.00000000490472
68,68,68,8717,7693,mainsupport,iDK,HZS,12.10268141,3.663263721,4230.2808479999985,5675.781028,3.106818599,2.272150916,12939.28136,260.9999999573859,78.99999996983257,91227.99020681897,122400.87943173674,66.99999997823669,48.99999999084289
69,69,69,8754,7695,maindps,ivy,TOR,21.22339326,5.318274188,11601.7499,32.32027218,5.1194602,7.455524562999999,12071.5852,426.99999995199295,106.99999996233804,233419.1873115691,650.2615321800996,102.99999997051506,149.99999995491208
70,70,70,5872,4405,flexsupport,IZaYaKI,VAL,15.03841284,4.674101288,8352.502206000001,10881.9532,5.486988468,3.962825005,11809.75691,295.9999999210379,91.99999997332984,164401.70107183128,214188.70332999437,107.9999999584222,77.99999997653256
71,71,71,4140,4525,flexdps,Jake,HOU,14.78019941,5.552782097000001,5321.516304,5755.137659,4.164586573,4.409562254,7347.668121,181.0000000448,67.99999999497739,65167.89283713756,70478.0691816681,50.999999999294566,54.000000002134506
72,72,72,4648,7697,maintank,Janus,WAS,7.148026803,6.841682797000001,5193.7931,0.0,3.471898733,2.450752047,5875.747414,70.00000000488323,67.00000000313507,50862.36062696008,0.0,34.000000003491046,24.00000000419243
73,73,73,8179,4409,mainsupport,Jecse,SEO,14.61064178,3.871195685,3786.651411,5565.0313369999985,2.934616084,2.122913763,9609.434145,234.00000000182595,61.99999999569277,60645.96227345971,89128.00357960463,47.00000000009298,34.000000001771056
74,74,74,8811,7692,flexdps,JinMu,CDH,16.24103052,6.58420156,7553.850420999999,5277.267004,5.047887863,5.816044712,10935.26669,296.0000000943823,119.99999999885674,137672.2814833396,96180.53680512884,92.00000000519864,106.00000001114041
75,75,75,8748,7696,offtank,JJANU,VAN,19.76377349,2.897914002,6766.023074,0.0,1.796706681,5.679911444,10352.27408,341.00000003919683,50.00000001495611,116739.54215608684,0.0,31.000000005131877,98.00000003069427
76,76,76,4653,4403,flexsupport,JJONAK,NYE,18.59509688,3.41093493,8687.211781,8413.023605,4.62126668,5.061387316,10906.10075,338.0000000488177,61.99999999712365,157906.01153362152,152922.13841376366,84.00000000783,92.00000000511346
77,77,77,4635,4405,maindps,KariV,VAL,18.52653429,4.691013489,10987.40698,34.83381244,4.92853316,5.522332335,10104.42628,311.9999999286619,78.99999996347682,185035.7397296124,586.6261497522116,82.99999997292574,92.99999995444627
78,78,78,3981,4402,mainsupport,Kellex,BOS,11.06877077,4.97767206,4681.084661999998,6150.518013,3.209288565,2.030366235,9160.908844,169.00000006516947,75.99999999497615,71471.64979938089,93907.22476745499,48.99999999676095,30.9999999979508
79,79,79,8691,7698,flexsupport,Kodak,ATL,15.07676376,5.072556031,7578.620778,9958.510804,5.072556031,4.227130026,4258.208261,106.99999998662904,35.99999999264929,53785.57600644309,70675.68828808426,35.99999999264929,29.99999999505724
80,80,80,8706,4407,mainsupport,Kris,FLA,13.79542929,4.291911335,3817.551789,5101.85658,2.63645982,2.023329629,9785.849875,224.9999999885297,70.00000000186806,62263.314495319464,83210.00429276821,42.999999999982535,32.999999995055745
81,81,81,8744,7694,mainsupport,Kruise,PAR,16.75267305,4.85446776,5339.8306950000015,5302.353964,3.426683125,3.521868767,6303.471671,175.99999997366695,51.00000000490472,56099.11918978126,55705.39666948093,36.000000006552085,37.00000000294033
82,82,82,5865,4405,maindps,KSF,VAL,17.24005861,4.573893101,11256.02945,0.0,4.925731032,5.629406893,1705.3306289999996,48.99999998898026,12.999999998178483,31992.0863033517,0.0,13.999999998475628,15.999999996227704
83,83,83,4647,4405,mainsupport,KuKi,VAL,11.73366431,4.434770761,3740.973075,6757.606348,3.1412959560000004,2.124994323,6494.134996,127.000000044812,47.99999999707942,40490.640275752055,73141.34645623092,34.00000000108813,22.99999999882605
84,84,84,8674,7699,flexdps,Kyb,GZC,16.45822744,3.571124822,4267.935756,7088.290690000002,4.036923712,4.036923712,3864.32866,105.99999998198406,22.999999996819998,27487.844101582614,45652.47477296364,25.99999999752531,25.99999999752531
85,85,85,8772,7692,flexsupport,Kyo,CDH,13.168396,5.267358399,5633.937247999998,8283.328747,4.444333649,3.346967316,10935.27261,240.0000001607226,96.00000004606358,102681.06612418861,150967.4299444912,81.00000003601842,61.00000002870003
86,86,86,8786,7692,offtank,lateyoung,CDH,19.26950062,5.973545193,8210.739681000001,260.6226284,4.33563764,4.913722658999999,6227.457697999998,199.99999995439123,61.999999994164554,85220.05672119586,2705.0273225042883,44.99999999492758,50.999999997710944
87,87,87,4654,4403,flexdps,Libero,NYE,19.47359966,3.520650786,4761.58312,7695.132734999999,4.3458033139999985,4.290793146,10907.07438,353.9999998966045,63.99999998151244,86558.23542732077,139885.64184102972,78.99999997774746,77.99999998769367
88,88,88,4629,4525,flexdps,LiNkzr,HOU,17.94937552,5.623624089,6260.564597,5999.910035,4.853264625,5.16140841,7788.571801000001,233.0000000343862,72.99999999834954,81268.09479755523,77884.55017856322,63.000000001776414,66.99999999261709
89,89,89,8891,4408,flexsupport,Luffy,SHD,15.48574132,4.908426935,7640.9686120000015,8102.75007,4.2170991980000005,4.147966424,8678.951640000001,224.00000004304965,70.99999999556405,110525.99511050992,117205.62668089438,61.00000000087466,59.99999999706623
90,90,90,4093,4403,maintank,Mano,NYE,18.26174333,4.1803990760000005,7894.14282,0.0,4.950472588999999,5.885561856,10908.04949,332.00000002886236,76.00000001493046,143516.1676028136,0.0,89.99999999950072,107.00000000284042
91,91,91,8681,7698,mainsupport,Masaa,ATL,16.16379367,4.464824125,4822.6101,5830.611839,3.504039187,3.051905098,10616.31963,286.0000000568179,79.00000000455846,85330.6171207771,103166.06486881018,62.0000000087289,54.000000001324125
92,92,92,4649,4403,offtank,MekO,NYE,22.33412843,2.695498258,7711.893884,15.53714684,3.135579607,6.8212608989999985,10907.07438,405.99999999747104,48.99999998527739,140190.33367242516,282.4413603947699,56.99999999660027,123.99999998463109
93,93,93,8242,4409,offtank,Michelle,SEO,20.79417661,2.8100238660000003,7216.539154000001,34.55569281,2.497798992,4.995597983,9608.45932,333.00000008346746,45.00000000781689,115566.37148732704,553.3782810655024,40.00000000694834,79.99999999788258
94,94,94,5716,4404,mainsupport,moth,SFS,12.54722565,4.006677098,3874.016872,7232.697222,3.479482743,2.425094033,11381.00199,238.00000015271507,76.00000004270905,73483.65621587596,137192.23579441578,66.00000003708944,46.00000002585021
95,95,95,4623,4525,maintank,Muma,HOU,15.48635731,5.721348674,7230.622281999998,0.0,4.043659965,5.248154423,13947.76032,359.9999999829332,133.0000000201697,168084.9775896457,0.0,94.00000001233265,122.00000002391982
96,96,96,4642,4409,flexdps,Munchkin,SEO,17.54348323,5.24431527,5804.017057,8068.5758700000015,4.994585972,4.370262725,9610.406202,281.0000000637916,83.99999999341885,92964.93586851098,129237.15263725928,80.000000002885,69.99999999451569
97,97,97,8236,4403,maindps,Nenne,NYE,23.43433237,2.585477984,11514.2251,0.038574102,5.005925459,7.921464462999999,10907.07412,426.00000018717543,47.00000001186029,209310.84433344065,0.7012176493774003,91.00000003418003,144.0000000614783
98,98,98,4024,4524,mainsupport,neptuNo,PHI,15.24296483,5.125558348,4748.053132,4978.841269,3.209045227,3.075335009,13461.94801,342.00000009953084,115.00000000499581,106530.07401950278,111708.1705222007,72.00000001268775,69.0000000074848
99,99,99,4626,4404,offtank,Nevix,SFS,13.83133918,4.5580549580000005,5785.457295,17.60965502,2.514788943,3.772183414,3817.417771,87.99999997076762,28.99999999643977,36809.17915215765,112.03901669087894,16.000000002204178,24.000000000125084
100,100,100,8743,7694,flexdps,NiCOgdh,PAR,19.03712847,5.425581614,5233.367685,8740.274369,4.85446776,3.712240052,6303.471671,200.00000001305432,57.00000000424577,54980.641577207265,91823.45313626486,51.00000000490472,39.00000000622261
101,101,101,8671,7698,flexdps,NLaaeR,ATL,13.89521667,6.69496803,4935.903895,6462.768373,4.421205303,3.915924697,4749.835975,110.00000003264283,53.000000000614804,39074.556482689375,51161.8161936127,35.000000001750294,31.000000002002626
102,102,102,8714,7693,maintank,NoSmite,HZS,14.22676058,6.173877232000001,6042.155488,0.0,3.82511959,3.82511959,8940.896931000001,212.00000001298966,91.99999999326597,90037.14909880671,0.0,57.00000000489831,57.00000000489831
103,103,103,4607,4402,offtank,NotE,BOS,15.53029836,5.324673725,6870.534942,20.50509654,4.159901347,4.936416266,10817.56423,280.0000000339394,96.00000003996809,123870.75504924054,369.69199810633455,75.00000001939335,89.0000000391196
104,104,104,4660,4410,mainsupport,NUS,LDN,13.64400281,3.096511276,4271.255018,6275.374636,3.2900432310000003,1.693404604,12401.05285,281.99999988726415,63.99999997382823,88280.09869007616,129702.08752430917,67.99999997735961,34.99999998439554
105,105,105,5717,4523,maintank,OGE,DAL,14.4277124,6.074826275,7385.091278,0.0,3.746142869,5.011731676,11852.19079,285.000000046748,120.00000004567502,145882.5180473682,0.0,74.0000000166433,99.00000002039744
106,106,106,4668,4524,offtank,Poko,PHI,18.48243778,3.862001924,6737.470995999999,5.968513469,4.091882991,5.425193179,13050.22654,402.0000000674245,84.00000001019309,146542.53800746572,129.81742146248547,89.00000001287131,118.0000000153546
107,107,107,8702,7698,maintank,Pokpo,ATL,17.932437399999994,5.997673319,7726.525299,0.0,4.483109348999999,4.846604702,9903.840514,296.0000000614813,99.00000001074841,127537.12381447028,0.0,73.99999999886394,80.0000000050175
108,108,108,4662,4410,maindps,Profit,LDN,19.06289618,3.3868089660000003,9066.258696,4153.099915,5.37051136,5.564043301,12401.05374,393.9999999470345,69.99999999079972,187385.26884973055,85838.02538917404,110.99999997773413,114.99999997897999
109,109,109,4658,4404,maindps,Rascal,SFS,16.19889182,6.479556727,6686.631184000002,5306.996784,3.702603844,5.091080286,1296.384977,34.99999999916031,13.999999997503481,14447.413689462206,11466.518172941524,7.999999998573418,10.999999999118772
110,110,110,4136,4525,flexsupport,Rawkus,HOU,12.60417415,4.947030808,6539.502312,8608.342067,4.172712942,3.570465714,13947.76032,293.00000012623286,115.0000000093999,152019.01809976975,200111.8198384823,96.9999999986301,83.00000001608278
111,111,111,8801,4523,offtank,rCk,DAL,16.34340876,3.855663333,6838.755365000001,121.9980373,4.661324329,4.488682687,10426.22151,283.99999993372404,66.99999996307149,118837.29714698484,2119.964267791737,80.99999997351019,77.99999997127331
112,112,112,8715,7693,flexsupport,Revenge,HZS,8.593986147999999,4.476034452,6010.523007,8641.515790000001,4.296993074,1.790413781,3351.18064,47.999999999342954,24.999999999192354,33570.580562221636,48265.46735950385,23.999999999671484,10.000000000794001
113,113,113,8716,7693,offtank,Ria,HZS,17.06431815,4.266079537,6569.263077000001,0.0,3.014077934,5.378969852000001,12939.28055,367.99999989551156,91.99999996309518,141669.22993343213,0.0,64.99999997931731,115.9999999750333
114,114,114,8724,7699,maintank,Rio,GZC,17.20863888,4.633095082,7339.181822,0.0,4.74340687,5.46043349,10878.25721,311.99999995107714,83.99999996730338,133062.51261778738,0.0,85.99999997256839,98.99999997052993
115,115,115,8222,4406,maintank,rOar,GLA,14.60631133,6.207682317000001,8020.309831,0.0,4.903547377,4.747051184,11501.87725,279.9999999882404,119.00000002854931,153747.69863855038,0.0,94.00000003302245,91.00000002972527
116,116,116,8687,7695,mainsupport,RoKy,TOR,13.22113022,4.672128726,4394.414255,6333.2731920000015,3.2307273110000003,2.087546878,12071.5852,265.99999981837453,93.9999999687941,88412.57680554503,127421.0782201733,64.99999998783899,41.99999999461834
117,117,117,4105,4409,flexsupport,ryujehong,SEO,16.1108035,4.371148235,6525.667422,9936.965659,4.933153008000001,4.0589233610000015,9608.45932,258.00000007043934,69.99999999614549,104502.68326689379,159131.55049789746,78.99999999450607,64.99999999527698
118,118,118,4669,4524,maintank,Sado,PHI,17.07157167,7.042580479,6992.738386,0.0,3.74415671,4.858489064,13460.97503,382.9999999545423,157.99999995764074,156881.79467544748,0.0,83.99999996952825,108.9999999567201
119,119,119,8730,7697,offtank,Sansam,WAS,9.49351357,4.389474016,5168.75224,21.17768158,2.143696612,2.347858195,5877.697397,92.9999999979553,42.99999999673723,50633.93597797654,207.46000649543475,20.999999993850196,23.0000000021277
120,120,120,5442,4407,maindps,sayaplayer,FLA,19.60982658,4.902456644,15745.88235,817.4892884,4.902456644,11.03052745,489.55047930000006,16.000000002048136,3.9999999996961164,12847.340419073185,667.0037882647266,3.9999999996961164,9.000000000132177
121,121,121,8728,7696,maindps,SeoMinSoo,VAN,19.88523374,3.224632498,11607.70465,0.0,5.038488278,7.188243277000001,8931.250311,296.00000004113787,48.00000000103868,172785.52627551442,0.0,74.99999999976225,107.00000000541652
122,122,122,4644,4406,flexsupport,Shaz,GLA,14.19019082,4.59094409,8143.314757999998,10665.31092,5.164812101,3.599717525,11500.90242,271.999999903333,87.99999999127617,156092.44734517316,204434.50028313405,98.99999998539366,68.99999999098152
123,123,123,8725,7699,flexsupport,shu,GZC,15.05620796,3.639962365,6609.723879,9483.036467,4.798132208999999,3.91571709,10879.23336,272.9999998558826,65.9999999840875,119847.88087467568,171946.94447647157,86.99999998973881,70.99999998975021
124,124,124,4139,4404,maindps,sinatraa,SFS,19.17774494,4.1990487289999985,12667.55064,396.0915988,5.389823742000001,5.891202694,9573.596925,305.99999997669715,66.99999999979923,202123.37309064294,6320.035520483356,86.00000000450532,93.9999999930502
125,125,125,4488,4404,flexsupport,sleepy,SFS,14.71957329,2.911563948,7765.034976999998,11039.57114,5.176113685,3.477701382,7418.693316,181.99999996815853,36.00000000022362,96010.68847062683,136498.6543797075,63.99999999627605,42.999999996145604
126,126,126,8749,7696,mainsupport,SLIME,VAN,13.85202487,2.83995489,4165.69195,6469.727387,3.2456627310000004,2.202413996,10352.27711,238.99999998141956,49.00000000196595,71873.99570216045,111627.35122730037,55.999999994852324,37.999999995890725
127,127,127,7831,4404,maintank,Smurf,SFS,15.71488661,4.714465982,7662.725538,0.0,4.714465982,6.061456262,2672.625075,70.00000000777958,20.9999999978795,34132.65402616944,0.0,20.9999999978795,26.999999994728284
128,128,128,4493,4524,flexdps,snillo,PHI,13.11566286,7.286479365,4268.438247,6369.452283,2.914591746,2.914591746,411.7214707,9.000000003207614,5.0000000006383365,2929.01278774495,4370.73376918372,2.000000000255335,2.000000000255335
129,129,129,3987,7694,maindps,SoOn,PAR,22.17825467,5.140024687,9823.684495,24.81416526,4.47372519,5.520767256,6303.471671,233.00000004094744,54.00000000457524,103205.52819845741,260.6923129265373,46.99999999834016,58.00000000063401
130,130,130,4637,4405,offtank,SPACE,VAL,19.20287775,3.1496783610000003,7384.252098000001,0.554749781,4.216504903,5.994549139,11810.72977,377.9999998526593,61.99999997364585,145355.67680505593,10.919999588929468,82.99999997202175,117.99999995619196
131,131,131,4094,4525,offtank,SPREE,HOU,16.46580318,4.481816249,6940.044506,3.191832464,4.384385461,4.579247037,6158.217665,169.00000001914864,45.9999999931264,71230.50778789233,32.75999843920879,44.999999993498946,46.99999999275385
132,132,132,8752,7695,flexdps,Stellar,TOR,18.29383627,4.722593601,5692.404705,9013.004532,4.921439648,5.219708717,12069.63902,368.00000011647205,95.00000000371985,114508.78324183266,181306.1853114401,99.00000001679311,105.0000000062289
133,133,133,8747,7696,maindps,Stitch,VAN,9.289057751,6.755678364,6847.565097,0.0,3.377839182,4.644528875,1421.026799,22.000000002716114,16.00000000111413,16217.622517890057,0.0,8.000000000557066,11.000000000173868
134,134,134,4610,4404,maindps,STRIKER,SFS,14.08531882,7.042659411,8429.293453,0.0,4.225595646,6.573148783,1277.926345,29.999999996337188,15.000000000298472,17953.360288874534,0.0,8.999999998901158,13.999999999000648
135,135,135,4490,4404,maintank,super,SFS,14.33103109,5.511935032999999,8274.368445,0.0,4.754043966,4.133951275,8708.3755,208.00000005649048,79.99999999828148,120093.84574068515,0.0,68.99999999906206,60.000000002339604
136,136,136,4144,4406,maindps,Surefour,GLA,17.00736106,4.538774271,9977.130909,33.44330134,4.747453547,4.956132824,11500.90242,325.999999954613,86.99999999529606,191243.34835995818,641.0469088566588,90.99999997921648,94.99999998230507
137,137,137,8705,4407,maintank,SWoN,FLA,17.65463702,6.865692175,6943.893355,0.0,3.616748556,6.068781476,9787.796815,287.9999999905618,112.00000000539237,113275.69543961443,0.0,58.99999999512108,99.000000002873
138,138,138,3504,4407,flexdps,TviQ,FLA,18.76178384,5.088980583000001,6207.37007,6950.121603000001,4.782415487,4.659789449,9785.849875,306.00000007573504,83.00000000337997,101240.65270598039,113354.74436658727,77.99999999276169,75.99999999503828
139,139,139,8729,7696,flexsupport,Twilight,VAN,14.78074785,4.115423912,7165.302314000001,9231.036188,4.868952234,4.231351346,10351.30303,255.00000000895164,71.00000001670008,123617.02592295704,159255.4214381401,84.00000002121578,73.00000001474064
140,140,140,3983,4523,flexsupport,uNKOE,DAL,14.22521819,4.910484572,7087.970681999999,9239.714512,4.505496153999999,3.3411544510000004,11852.19079,281.00000002876413,97.00000003115915,140013.301394984,182518.09873559294,89.0000000346987,66.00000002018285
141,141,141,8688,4404,flexsupport,Viol2t,SFS,14.0792463,5.147251335,8640.593039,12372.44653,5.450030825,2.119456432,3963.280336,93.00000001081791,34.000000000758746,57075.15413807862,81725.79006760071,35.99999999886059,13.999999999923865
142,142,142,5809,4406,offtank,Void,GLA,18.88068137,3.077238124,7786.150826000001,0.991985732,2.24273287,5.059188102,11503.82212,361.9999999747966,58.999999998964185,149284.15683632516,19.019379010843323,42.99999999859515,96.99999999504739
143,143,143,4640,4407,offtank,xepheR,FLA,18.84620886,4.776094025,6484.650390999999,43.10333083,3.614341424,6.776890171,9296.299396,292.0000000701798,73.99999999974452,100472.08585520744,667.835780600862,55.99999999478164,105.0000000057094
144,144,144,8753,7695,maintank,Yakpung,TOR,16.25304355,6.362047627000001,7012.301254000001,0.0,3.777465779,4.423611241000001,12071.5852,326.9999999552258,127.9999999596472,141082.65339287976,0.0,75.99999998547145,88.9999999790154
145,145,145,8894,4408,flexdps,YOUNGJIN,SHD,17.30814227,5.661541864,6042.855915,5520.4967259999985,4.286595983,4.367475152,7418.473803,214.00000001431997,70.00000000445299,74714.61383455183,68256.10056896377,53.00000000655089,54.00000000060907
146,146,146,8813,7692,mainsupport,Yveltal,CDH,8.064926987,4.663393156000001,2979.156788,6711.846031,3.236943485,1.371586222,10936.24284,147.00000002783588,85.00000002068336,54301.303486670666,122337.29683284363,59.000000018859836,24.999999999650253
147,147,147,8642,4523,flexdps,ZachaREEE,DAL,15.490807,5.619214304,4989.499464,8265.283159999999,4.809237467,4.151131288,11852.19079,306.0000000917792,111.00000003484178,98560.83265655124,163269.5215761568,95.00000002216721,82.0000000328574
