,Unnamed: 0_prev,Unnamed: 0.1,Unnamed: 0.1.1,playerId_prev,teamId_prev,role_prev,name,team_prev,eliminations_avg_per_10m_prev,deaths_avg_per_10m_prev,hero_damage_avg_per_10m_prev,healing_avg_per_10m_prev,ultimates_earned_avg_per_10m_prev,final_blows_avg_per_10m_prev,time_played_total_prev,total_elims_prev,total_deaths_prev,total_hero_damage_prev,total_healing_prev,total_ultimates_prev,total_final_blows_prev,Unnamed: 0_curr,playerId_curr,teamId_curr,role_curr,team_curr,eliminations_avg_per_10m_curr,deaths_avg_per_10m_curr,hero_damage_avg_per_10m_curr,healing_avg_per_10m_curr,ultimates_earned_avg_per_10m_curr,final_blows_avg_per_10m_curr,time_played_total_curr,total_elims_curr,total_deaths_curr,total_hero_damage_curr,total_healing_curr,total_ultimates_curr,total_final_blows_curr
0,0.0,0.0,0.0,5197.0,7697.0,flexdps,Ado,WAS,7.552726796,4.286682776,3892.476963,8400.935983,4.184618901,1.735085886,5878.671531,73.99999999511006,41.99999999616542,38137.65584576907,82310.571995026,41.000000002322025,17.00000000311352,0,5197,7697,flexdps,WAS,9.120878018300383,5.030302422214152,4405.7663150046055,8807.732276629293,4.422243887660792,2.211121943830396,10854.21817958355,165.0,91.0,79701.91471886636,159335.07966315743,80.0,40.0
1,1.0,1.0,1.0,8675.0,7693.0,flexdps,Adora,HZS,14.88742577,2.835700147,4321.695272,8557.819748,4.608012738999999,2.835700147,1692.703654,41.999999999221274,8.00000000079206,12192.248963981541,24143.087929521596,13.000000001639746,8.00000000079206,1,8675,7693,flexdps,HZS,14.18563433885192,4.298677072379371,4294.318757279122,8900.980565242058,4.728544779617307,2.794140097046591,2791.5565179586406,65.99999999999999,20.0,19979.722528457638,41412.650521874435,22.0,12.999999999999998
2,2.0,2.0,2.0,4142.0,4405.0,flexdps,Agilities,VAL,16.35935451,5.080544878,6301.659466,9740.823188,5.486988468,3.353159619,11809.75691,321.9999999460203,99.99999996587604,124035.11070510068,191727.92325595208,107.99999995842221,65.99999996803037,2,4142,4405,flexdps,VAL,15.7749760945468,5.373892955285172,6235.477754340392,10183.339839297747,5.547244340939535,3.224335773171105,17305.889933764938,455.0,155.0,179850.81950175765,293719.5973616839,160.00000000000006,93.0
3,3.0,3.0,3.0,8751.0,7695.0,flexsupport,Aid,TOR,16.25304355,4.920646212,7053.518558,10708.95709,4.721832223,3.1810238139999996,12071.5852,326.9999999552258,98.99999997869213,141911.91705446356,215456.81319179843,94.99999996674984,63.999999989883264,3,8751,7695,flexsupport,TOR,16.253043547234082,4.9206462115479335,7053.5185582533095,10708.95709470882,4.721832223202561,3.181023813525936,12071.585203707216,327.0,99.0,141911.91710314155,215456.81335270405,95.0,63.99999999999999
4,4.0,4.0,4.0,5863.0,4402.0,flexsupport,AimGod,BOS,13.36594952,5.213274915,7339.745511,10083.863290000001,4.714131571999999,3.771305258,10818.53555,241.00000006937572,93.99999999975122,132342.16289784404,181821.05580700823,84.99999999843229,68.00000000595821,4,5863,4402,flexsupport,BOS,13.835938030898076,4.788093113317951,7463.632783952406,10094.318822524812,4.788093113317951,3.5332825043104874,18170.072707653046,419.0,145.00000000000003,226024.5839127302,305690.84489917755,145.00000000000003,107.0
5,5.0,5.0,5.0,3985.0,4523.0,maindps,aKm,DAL,21.57937277,3.9933358869999998,9972.377156,36.82700924,4.838080017,6.988337802,7813.016706999999,280.999999964318,52.000000002989424,129857.2488805552,479.5500641016055,63.000000004373064,91.00000000197608,5,3985,4523,maindps,DAL,21.298906829976026,4.382071740138608,10230.809501594047,24.435148649034012,4.840660643176371,6.929787868126169,11775.25222313404,418.0,85.99999999999999,200783.93721351027,479.55006408691423,95.0,135.99999999999997
6,6.0,6.0,6.0,8672.0,4402.0,mainsupport,alemao,BOS,13.04598544,4.711050298,4793.268094,4990.147962,3.26149636,1.8119424219999998,1655.681749,35.99999998454623,12.999999995032685,13226.877502166362,13770.16150915491,8.999999996136557,4.999999997240426,6,8672,4402,mainsupport,BOS,13.045985441951409,4.711050298482453,4793.268094141436,4990.147961771174,3.261496360487852,1.8119424224932512,1655.6817494630814,36.0,13.0,13226.877506256109,13770.161512374878,9.0,5.0
7,7.0,7.0,7.0,8812.0,7692.0,maintank,ameng,CDH,15.80067328,6.3641600710000015,7174.873348,0.0,4.553666258,4.663393156000001,10936.24284,288.00000004263217,116.00000001514613,130776.92879995305,0.0,83.00000001633683,85.00000002068336,7,8812,7692,maintank,CDH,15.506285260322981,6.76023335599912,7061.023625549406,0.0,4.520906056824411,4.436403139874422,14200.693222343922,367.0,160.00000000000003,167119.05057024962,0.0,107.0,105.0
8,8.0,8.0,8.0,4841.0,4403.0,mainsupport,Anamo,NYE,19.4065,1.9226253869999999,5031.968114,6296.539292,3.484758513,1.862543343,9986.344783,323.00000005214923,32.00000000521801,83751.61420577708,104799.02051603119,57.999999993853976,30.99999999413238,8,4841,4403,mainsupport,NYE,19.682712046309486,1.7701796701177697,5085.026362092307,6046.436172944787,3.456065070229931,2.1073567501402017,14235.843075931072,467.00000000000006,42.0,120649.39554619788,143460.19421112534,82.0,50.0
9,9.0,9.0,9.0,5715.0,4404.0,flexdps,Architect,SFS,15.43231058,4.522288815,5232.0243869999995,8323.088899,4.7484032560000005,3.957002713,10614.094309999999,272.99999986221803,79.99999996578023,92555.33379306324,147236.75087416678,83.99999996849179,69.99999996784645,10,5715,4404,flexdps,SFS,15.222207120647465,4.4487436303300685,5243.971435991112,8473.734890062495,4.8239388762615185,3.7519524593145164,11194.171689391133,284.0,82.99999999999999,97836.52764791249,158094.07201623914,89.99999999999996,70.0
10,10.0,10.0,10.0,4652.0,4403.0,mainsupport,ArK,NYE,11.06645104,3.90580625,2641.430743,4385.420339,1.952903125,1.301935417,921.7047056,16.999999996433356,5.9999999996448174,4057.698575566007,6736.770937483746,2.9999999998224083,2.000000000393664,11,4652,4403,mainsupport,NYE,10.032708095530491,2.7676436125601356,3005.7645935554997,5154.747516908129,2.421688160990119,1.037866354710051,1734.3273455500605,29.0,8.000000000000002,8688.299548149109,14900.032629966736,7.000000000000003,3.0000000000000013
11,11.0,11.0,11.0,5878.0,4402.0,maintank,Axxiom,BOS,13.58901456,6.323051673999999,7227.732159,0.0,3.771644858,3.383387299,10817.56145,245.00000007957453,114.00000005836723,130310.72795687275,0.0,68.00000003165253,61.00000002680336,12,5878,4402,maintank,BOS,13.589014561645525,6.323051673581997,7227.732158597082,0.0,3.7716448579261033,3.3833872990219462,10817.5614451766,245.00000000000003,113.99999999999996,130310.72789150472,0.0,67.99999999999997,60.99999999999999
12,12.0,12.0,12.0,8896.0,7692.0,maindps,Baconjack,CDH,13.25182571,5.861384451,6375.114973,44.00052054,3.9500634339999996,5.606541647999999,4708.78514,103.99999996852993,46.0000000044931,50031.744417756505,345.31499545169464,31.00000000012762,43.99999999815585,13,8896,7692,maindps,CDH,12.635561209714773,6.1500519162328535,6344.04198785097,38.61282089478668,4.025488526988777,5.367318035985036,5365.808362185955,113.0,55.0,56734.855914115906,345.31499540805817,36.00000000000001,48.0
13,13.0,13.0,13.0,8676.0,7693.0,flexdps,Bazzi,HZS,15.74084751,6.082903782000001,5526.40301,7021.033965000001,4.6422160439999995,4.108627993,11244.62961,294.99999999573464,113.99999996976366,103570.59153839854,131581.5440260912,86.9999999739658,76.99999997760446,15,8676,7693,flexdps,HZS,16.5036620037162,5.774418985498898,5503.679276534318,7775.017480048084,4.731298136505548,4.023466131831491,16105.516456902029,443.0,155.00000000000003,147732.6619362235,208701.11996269226,127.0,108.00000000000004
14,14.0,14.0,14.0,4655.0,4410.0,flexsupport,Bdosin,LDN,15.82248001,3.870943122,7900.2931260000005,7578.818805,4.258037433999999,4.3064242230000005,12400.078870000001,327.00000007166403,80.00000002347339,163273.7630975314,156629.9182057319,88.00000002168734,89.00000002146412,16,4655,4410,flexsupport,LDN,15.702300680781779,3.791531139993649,8042.42487460623,8114.89603012805,4.442602143830942,4.251110672114091,15666.494038105013,410.0,99.0,209994.33558321,211886.61712640518,116.0,111.0
15,15.0,15.0,15.0,8731.0,7693.0,flexsupport,BEBE,HZS,15.20943616,4.506499603,7476.628731,10190.69743,5.132402325,3.0669233410000003,9586.154179000001,243.00000000902943,72.00000000326716,119453.52625751185,162815.99459253176,81.99999999351344,49.00000000333298,17,8731,7693,flexsupport,HZS,15.341650317994885,4.319885747435402,7998.525272810022,10387.411387359409,5.167713791324592,2.9472117716148065,14861.50415855646,380.00000000000006,107.0,198116.86100697514,257287.59588313094,128.0,73.0
16,16.0,16.0,16.0,8708.0,7694.0,maintank,BenBest,PAR,17.22860127,5.9966954679999995,7923.898526999998,0.0,5.044839045,4.664096475,6303.471671,181.00000006066605,63.00000000358683,83246.78314803855,0.0,53.000000008187,49.00000000162244,18,8708,7694,maintank,PAR,15.532613889295778,7.042329178621392,7614.661442746811,0.0,4.73876355944617,4.343866596158988,9116.30206024647,236.00000000000009,107.00000000000004,115695.92299765351,0.0,72.00000000000001,66.0
17,17.0,17.0,17.0,4643.0,4406.0,mainsupport,BigG00se,GLA,13.97914774,4.955294909,4790.626201,4375.194179,3.129659943,2.71237195,11502.847170000001,268.00000003345144,95.00000003417676,91843.06839783448,83878.64996685104,60.000000030666506,52.0000000150748,19,4643,4406,mainsupport,GLA,13.518647044449727,5.010642810007488,4803.898927641626,4876.960863967425,3.362847523494957,2.5557641178561674,17842.02214962244,402.0,149.0,142852.11845254898,145024.73959624767,100.0,76.0
18,18.0,18.0,18.0,4656.0,4410.0,maindps,BIRDRING,LDN,17.05188652,4.93916713,9647.421402,12.96531349,4.351171043,6.820754608,5102.07477,144.99999999099182,41.999999997977184,82036.44221783706,110.24999807078274,36.999999997408146,57.999999996396724,20,4656,4410,maindps,LDN,17.051886520350234,4.939167130032484,9647.421402473788,12.965313492032564,4.351171043123855,6.8207546081400965,5102.074770212174,145.0,42.000000000000014,82036.44222527744,110.24999809265141,37.000000000000014,58.00000000000002
19,19.0,19.0,19.0,8184.0,4402.0,flexdps,blase,BOS,13.5335529,5.879330359,4670.514451,8554.467216,4.880953506,3.216992083,10817.55848,243.9999998965393,105.99999996953647,84205.93867562932,154230.74895720466,87.99999998219339,57.99999997924919,21,8184,4402,flexdps,BOS,14.696070457806261,6.2086769574552285,4833.68254815024,8706.787593344667,4.821632105257784,3.1043384787276147,18168.12193208933,445.00000000000006,188.0,146364.88985967642,263643.2977211476,146.0,94.0
20,20.0,20.0,20.0,4625.0,4525.0,mainsupport,Boink,HOU,11.70161781,4.732271908,3897.233711,6326.969349,3.3986316430000003,2.237073993,13946.78947,272.00000009078747,110.0000000261187,90589.83013783973,147068.18248940993,79.00000001833534,52.000000015305424,22,4625,4525,mainsupport,HOU,12.00069316790435,4.8138373724362085,3867.820518402989,5888.126498675203,3.288325529058537,2.2713176334734224,17698.977636396885,354.0,142.0,114094.11476135252,173689.69870054722,97.0,67.00000000000001
21,21.0,21.0,21.0,4079.0,4524.0,flexsupport,Boombox,PHI,18.7080584,5.238256353,7737.855767,8169.091241,5.4045502060000015,4.4899340169999995,7216.14168,224.99999995352348,62.99999999901348,93062.43919012844,98248.86631983836,65.00000000528199,54.00000000087255,23,4079,4524,flexsupport,PHI,18.758929982708125,4.9639014723473815,7757.887560965309,8423.327376514284,5.194780610596096,4.675302549536486,10395.049194157124,325.0,86.00000000000001,134406.0380649567,145934.83742892742,90.0,80.99999999999999
22,22.0,22.0,22.0,8704.0,4407.0,maindps,bqb,FLA,20.29258395,5.027165812,9655.064375,85.31300416,4.53671061,5.578927912999999,9786.826583,331.000000066032,82.00000001005063,157487.4011430438,1391.572628314463,73.99999999554358,91.00000000598185,24,8704,4407,maindps,FLA,19.03304466959879,4.848722406323646,9268.424692726941,57.36636059745719,4.486877450627851,5.21056736201944,16581.687558591366,526.0,134.0,256143.5373585522,1585.3851130008698,124.0,144.0
23,23.0,23.0,23.0,8771.0,7696.0,maintank,BUMPER,VAN,16.22831366,5.969701095,8455.790443,0.0,5.100327149,5.795826306,10352.277109999999,280.00000006053057,102.99999999885073,145894.47641670945,0.0,87.99999999684044,100.00000000189944,25,8771,7696,maintank,VAN,16.895064769531796,6.139333395125639,8758.002685841031,0.0,5.139907028477278,5.6158243459288775,12607.23192870617,355.0,129.0,184023.61848771575,0.0,108.0,117.99999999999996
24,24.0,24.0,24.0,4620.0,4524.0,maindps,carpe,PHI,20.10110274,5.125558348,9941.185978,10.8812073,4.323297042,7.443202123,13461.94801,451.0000000492476,115.0000000049958,223046.21465596167,244.13707826438747,97.00000001865129,167.00000001291272,26,4620,4524,maindps,PHI,20.766946083374048,4.759091810773222,10045.04692864237,8.802051287676349,4.362500826542119,7.751551055426079,16641.830657839775,575.9999999999998,132.00000000000003,278613.2832275332,244.13707828521726,121.0,215.0
25,25.0,25.0,25.0,8721.0,7699.0,mainsupport,Chara,GZC,13.67743434,4.3017737039999995,4942.397495,5107.625399000001,2.9781510260000004,2.592094411,10879.23336,247.9999999182293,77.99999997954596,89615.82617664072,92611.7477186402,53.999999988629064,46.99999998070125,27,8721,7699,mainsupport,GZC,13.531338020576902,3.916046145489956,5100.923306315621,5082.0247071728945,3.041928702300234,2.4125641432036335,17160.16550964117,387.0,112.0,145887.8136472702,145347.30849862096,87.0,68.99999999999999
26,26.0,26.0,26.0,5831.0,4404.0,offtank,Choihyobin,SFS,18.95195283,3.0925780769999998,6677.413182,23.00126713,3.0925780769999998,6.026562406,7566.5025810000025,239.0000000053088,39.00000000260753,84207.77346001072,290.0652451756925,39.00000000260753,75.99999999926095,28,5831,4404,offtank,SFS,20.122903361594503,3.0364483333352315,7047.340992420295,14.928273393200133,3.2937744632788952,6.072896666670463,11658.357434034348,391.0,59.0,136934.0337485969,290.06524515151983,64.0,118.0
27,27.0,27.0,27.0,4663.0,4523.0,mainsupport,Closer,DAL,12.40378761,3.69582243,3742.8246520000002,5300.104541,2.885779158,1.4175757269999998,11851.21873,245.0000000776233,73.00000000861688,73928.38936481357,104687.83034542877,57.00000001322206,28.000000011692944,29,4663,4523,mainsupport,DAL,13.394482632672824,3.4529686106890285,3972.042856318416,5161.580097611268,2.921742670583024,1.7454566603483002,15812.480840682983,352.99999999999994,91.0,104679.75260651107,136028.97733521461,77.0,46.0
28,28.0,28.0,28.0,5306.0,4402.0,maindps,ColourHex,BOS,14.86341662,5.780217576,8726.912674,33.51272696,3.922290498,4.12872684,2906.464987000001,71.9999999887065,28.00000000314336,42274.11021931258,162.3392792135516,19.000000002133,20.000000002245255,30,5306,4402,maindps,BOS,16.786894520885294,5.088710185773592,9530.529032559829,18.26901433648566,4.32832820399133,4.152855438964656,10258.002144813538,286.99999999999994,86.99999999999999,162940.31209534404,312.3393137454986,73.99999999999999,71.00000000000001
29,29.0,29.0,29.0,8892.0,4408.0,mainsupport,CoMa,SHD,11.06000489,4.078376803,3400.6385909999995,5583.421757,2.9032512839999995,1.866375825,8679.923829000001,159.99999998927922,58.99999999333424,49195.47323306314,80772.79259323559,42.00000000261075,26.999999995478397,31,8892,4408,mainsupport,SHD,13.278311893859149,3.847692651061458,3812.280221877236,5456.198225728403,2.904630726781689,2.3765160491850184,15905.636325478557,352.00000000000006,102.0,101061.23796665668,144640.5078302622,77.00000000000001,63.00000000000002
30,30.0,30.0,30.0,4138.0,4525.0,offtank,coolmatt,HOU,19.27529338,4.72790215,8909.241195,1.9052523380000002,4.72790215,5.000665736,6599.121346,211.99999999061748,51.99999999977383,97988.60624431176,20.954985622020345,51.99999999977383,55.000000004414005,32,4138,4525,offtank,HOU,18.949333181435005,4.700609781441242,8567.228595815897,1.5390814120111072,4.259927614431127,4.774056809276262,8169.152894079685,257.99999999999994,64.0,116645.00046291947,20.95498561859131,58.00000000000002,65.00000000000001
31,31.0,31.0,31.0,8784.0,7697.0,maindps,Corey,WAS,8.881028823,5.512362717999999,8879.73514,0.0,4.287393225,3.368666105,5877.697397,86.99999999271513,53.999999998180726,86987.32686404572,0.0,41.99999999749656,32.999999994534384,33,8784,7697,maindps,WAS,11.715298975178428,5.729753210567615,9762.398290184448,0.0,4.4507904403516285,3.8368883106479563,11728.253823578358,229.00000000000003,112.0,190826.4751235843,0.0,86.99999999999999,74.99999999999999
32,32.0,32.0,32.0,3577.0,4405.0,mainsupport,Custa,VAL,14.44798016,4.514993799999999,4927.264929,5851.685291,3.499120195,1.918872365,5315.621917,127.99999999146195,39.999999997331855,43652.46241242975,51842.24430704353,30.999999997932196,16.999999998866038,34,3577,4405,mainsupport,VAL,14.447980160614295,4.514993800191967,4927.26492850935,5851.685290804381,3.4991201951487745,1.918872365081585,5315.621917128563,128.0,39.99999999999999,43652.462409138665,51842.24430656434,31.0,16.999999999999996
33,33.0,33.0,33.0,8701.0,7698.0,offtank,Daco,ATL,22.20438447,3.073271207,7094.656267,0.594293793,2.151289845,5.992878855,7809.268489,288.99999993202005,39.99999999162683,92340.1260436158,7.7349996514719805,27.999999995440326,78.00000000124317,35,8701,7698,offtank,ATL,23.387346700507887,2.824558780254576,7282.004320406355,0.4369592239106768,2.203155848598569,6.1575381409549745,10621.127876579762,414.00000000000006,50.00000000000001,128905.16514140368,7.734999656677246,39.0,109.00000000000004
34,34.0,34.0,34.0,8711.0,7698.0,maindps,dafran,ATL,21.13339424,5.4811209660000015,10662.477640000001,38.33548275,4.97256335,7.9674026410000005,10618.26593,374.0000000730837,97.00000001914415,188695.03842366464,678.4272506573792,88.0000000067861,141.0000000225372,36,8711,7698,maindps,ATL,22.83264605811468,5.315292098548965,10856.996795528055,35.29479832571487,4.991752579506853,8.504467357678344,12981.41263371706,493.99999999999983,115.0,234898.59227615586,763.6272348165512,107.99999999999996,184.0
35,35.0,35.0,35.0,4489.0,4525.0,maindps,Danteh,HOU,18.15345218,4.344783579,9997.699854999999,518.3889735,5.033066127,5.119101445,13947.76032,421.9999999787025,101.00000000360627,232409.20221473128,12050.60859151472,117.00000002351112,119.00000001437613,37,4489,4525,maindps,HOU,18.560664020005415,4.165920581644501,9435.210657271282,451.0207356522725,4.984226410181813,5.281792166013566,16130.888403415682,499.0,112.0,253663.8836252689,12125.608590722086,133.99999999999997,142.00000000000003
36,36.0,36.0,36.0,8895.0,4408.0,maindps,DDing,SHD,17.58169329,3.3750571939999996,7605.157895,2010.8540920000007,5.023340939,5.258810046000001,7644.314901999999,224.00000003190067,43.00000000532751,96893.70304801909,25619.336502038805,63.99999999637394,67.00000000237519,38,8895,4408,maindps,SHD,18.76134657703291,3.1470645871151985,7687.262318216482,1059.2116560371949,4.59955593501452,5.4871895365085495,14871.000802338125,465.0,78.00000000000003,190528.80683663487,26252.5623112917,114.0,136.0
37,37.0,37.0,37.0,8893.0,4408.0,maindps,diem,SHD,18.72867786,4.90677538,9728.359569,52.57721723,5.18321343,7.740265389,8681.872859000001,270.99999999614704,70.99999999471903,140767.30150782346,760.7811921181404,75.00000000053552,112.00000000369366,40,8893,4408,maindps,SHD,19.83959180240095,4.601578326792615,9980.372501096588,28.695034793725124,4.790167602480837,7.619006737804166,15907.585354745388,526.0,122.0,264606.0457222461,760.7811920642853,127.0,202.0
38,38.0,38.0,38.0,9251.0,7698.0,flexsupport,Dogman,ATL,18.30732981,5.662060767000001,6703.494792,7418.957673000001,4.435280934,5.473325407999999,6358.109084000002,193.99999994790835,59.999999994704545,71035.91855260318,78617.5702908547,46.99999999426234,57.999999993821355,41,9251,7698,flexsupport,ATL,19.367569316361912,5.2999091710314685,7067.6838814297935,7799.8803812059095,4.449306464569628,6.019649922653026,9169.968471467497,296.00000000000006,81.0,108017.39726501703,119207.76196146011,68.0,92.0
39,39.0,39.0,39.0,4616.0,4523.0,maindps,EFFECT,DAL,13.17206182,6.1469621839999995,9168.783912,8.554601402000001,4.6102216380000005,4.6102216380000005,5466.114642000001,119.99999996605196,55.99999999630451,83529.37331786209,77.9340532999099,41.999999997228386,41.999999997228386,42,4616,4523,maindps,DAL,13.172061822806649,6.146962183976438,9168.783911559944,8.554601401611384,4.6102216379823275,4.6102216379823275,5466.114642381668,120.0,56.0,83529.37331968546,77.9340533018112,42.00000000000001,42.00000000000001
40,40.0,40.0,40.0,8722.0,7699.0,flexdps,Eileen,GZC,16.50770822,3.763415345,6474.6029899999985,2678.61512,4.704269181,5.046397849,7014.904702,193.00000001953683,43.999999998699074,75697.87159689041,31317.049666893825,54.99999999545097,58.9999999985213,43,8722,7699,flexdps,GZC,17.232554390527934,3.657521748193685,6525.956246638824,3486.9623906109705,4.853250012026235,5.1345978388103655,8530.366228282452,245.0,52.00000000000002,92781.32795596123,49575.110360264785,69.0,73.00000000000001
41,41.0,41.0,41.0,5175.0,4524.0,flexsupport,Elk,PHI,13.06476629,5.475674108,6413.144662,7953.25943,4.226836154,4.034707238,6245.806329,135.9999999683131,56.999999998813045,66758.76586452028,82790.8634734549,44.000000003832035,42.00000000460419,44,5175,4524,flexsupport,PHI,13.064766293642455,5.475674108364852,6413.144661552365,7953.259430291814,4.2268361538255,4.034707237742523,6245.806328713894,136.00000000000003,57.0,66758.76585680246,82790.86347270013,44.00000000000002,42.0
42,42.0,42.0,42.0,8787.0,7692.0,offtank,Elsa,CDH,17.88707123,3.8956504819999997,7030.704751,70.59268334,2.962889099,6.309856415,10935.27261,326.00000015756336,71.00000002324651,128137.78848767866,1286.5837276571754,54.00000001793713,115.00000004663714,45,8787,7692,offtank,CDH,17.36653260919345,3.845144689626773,7253.234842681645,59.108277564609814,3.2958383053943767,5.9156072148104215,14199.725733935833,411.0,91.0,171656.57574984428,1398.8688833713534,78.0,140.00000000000003
43,43.0,43.0,43.0,4634.0,7695.0,offtank,Envy,TOR,20.22932331,4.2745007489999995,7386.293906,249.73284759999999,3.379837802,5.914716153,12071.5852,406.999999791685,85.99999996502886,148607.12699753296,5024.452245070026,67.99999998170621,118.99999995792619,46,4634,7695,offtank,TOR,19.68113541320068,4.170836643857096,7607.034681746972,169.45497470863413,3.519143418254425,6.451762933466448,18413.571798145767,604.0,127.99999999999994,233454.4654722213,5200.45223891735,107.99999999999996,198.0
44,44.0,44.0,44.0,4083.0,4524.0,flexdps,eqo,PHI,18.14133073,5.304222006,5644.191269,8214.074383,4.27903624,3.3429970630000003,13460.975030000001,406.9999999458361,118.99999996057085,126627.19622758836,184282.41694020946,95.99999996517514,74.99999998401056,47,4083,4524,flexdps,PHI,18.678016452107567,5.012054607804926,5666.041184355289,8426.927377840555,4.3630115650675965,3.7500264691490095,16639.88254839182,518.0,139.0,157137.0997033715,233705.13635182378,120.99999999999996,104.0
45,45.0,45.0,45.0,8692.0,7698.0,flexdps,Erster,ATL,21.37297628,4.150092482,6121.855498,5767.536851,4.565101731,5.464288435,8674.505484000001,308.9999999171032,59.99999999036029,88506.78181609426,83384.21673861933,66.00000000096233,78.99999999260879,48,8692,7698,flexdps,ATL,23.976253852363435,3.9699243851407866,6644.298608554791,6340.036513014145,4.857933787080173,6.111594119229896,11486.364871501924,459.00000000000006,76.00000000000001,127198.06355512145,121373.28781187539,93.0,117.00000000000004
46,46.0,46.0,46.0,8684.0,7697.0,mainsupport,Fahzix,WAS,7.70253416,3.6485688130000002,4603.356347999998,6901.28565,3.5134366339999996,1.0810574259999999,4440.097154,57.0000000040063,27.00000000462409,34065.58236600437,51070.63128917673,25.99999999897123,8.000000000821942,49,8684,7697,mainsupport,WAS,7.987830837161739,4.4312054279145405,4447.137785237972,7065.5761734725575,3.265098736358083,1.1661066915564582,10290.653579890728,137.0,75.99999999999999,76273.25728321077,121182.32790589335,56.0,20.0
47,47.0,47.0,47.0,4636.0,4405.0,maintank,Fate,VAL,14.7856036,6.351204295,7976.835078,0.0,4.522057458,4.369628555,11808.78405,290.9999999355043,124.99999996181248,156994.5380642782,0.0,88.99999997202326,85.99999997451425,50,4636,4405,maintank,VAL,14.14706460293165,6.553419632240398,8094.640522358451,0.0,4.7156882009772145,3.8835079302165316,17303.943034887314,408.0,189.00000000000003,233448.66414463523,0.0,135.99999999999997,112.0
48,48.0,48.0,48.0,5864.0,7694.0,offtank,Finnsi,PAR,23.31688764,3.4261549189999996,6922.6954209999985,0.0,4.1875226780000006,6.757138867,6304.443469,244.99999999900803,36.000000004786294,72739.56989133275,0.0,43.99999999767749,70.99999999864035,51,5864,7694,offtank,PAR,21.390250310574967,3.75152082370084,6870.787576102819,0.0,4.080601597709686,6.120902396564528,9116.30285614729,325.00000000000006,56.99999999999999,104393.63400667906,0.0,62.00000000000001,93.0
49,49.0,49.0,49.0,4657.0,4409.0,maintank,Fissure,SEO,17.17236807,5.370267832000001,7974.901068000001,0.0,4.3087032610000024,6.244497479,9608.45932,275.00000004776984,86.00000000212765,127710.8541548376,0.0,69.00000000878309,100.00000000135674,52,4657,4409,maintank,SEO,15.99476412196154,5.701482904718348,8093.900123181617,0.0,4.4387383687740165,5.012713157839621,15680.13120341301,418.0,149.0,211522.35979801413,0.0,116.00000000000004,131.0
50,50.0,50.0,50.0,4631.0,4409.0,maindps,Fleta,SEO,20.23012521,4.308267407,10576.97638,529.9096857,3.9960741160000004,7.11800702,9609.431376999999,323.9999999226879,69.00000000222039,169397.88116626648,8486.884601236312,63.99999999184657,113.99999999949043,53,4631,4409,maindps,SEO,19.363291475423114,4.439015437053518,10457.456555339711,685.4067506941374,4.209411190309373,6.888127402324427,15679.152502834795,506.0,115.99999999999996,273273.426871568,17910.99495100975,110.0,179.99999999999997
51,51.0,51.0,51.0,4659.0,4410.0,offtank,Fury,LDN,19.59510902,2.515915232,6886.406284999999,22.57663377,3.193277025,6.338171064,12401.053740000001,404.9999999969645,51.99999999552761,142331.15735959788,466.6234144167813,65.99999998955387,130.99999996329495,54,4659,4410,offtank,LDN,19.913873881126595,2.7190097029999767,7205.18919867045,17.869768897425423,3.3317442839577183,6.6634885679154365,15667.468914508818,519.9999999999999,70.99999999999997,188145.12965554,466.6234145164489,86.99999999999996,173.99999999999991
52,52.0,52.0,52.0,8203.0,4402.0,maintank,Fusions,BOS,13.27413047,7.130104366,7635.748340999998,0.0,4.323573924,4.475278272,7910.122644,175.0000000169289,93.99999999929979,100666.17642671586,0.0,56.99999999873389,58.999999995913974,55,8203,4402,maintank,BOS,14.3496842960801,6.840671417857362,8177.8022802411415,0.0,4.4818192048031,4.835647036761238,15261.659802496433,365.0,173.99999999999997,208011.39388853317,0.0,114.0,122.99999999999996
53,53.0,53.0,53.0,4606.0,4408.0,maintank,Gamsu,SHD,18.24354412,6.2643494870000005,7185.242481,0.0,4.176232991,6.594052091,5459.465515,165.9999999908684,56.99999999697407,65379.305903220906,0.0,37.99999999494968,59.9999999915469,56,4606,4408,maintank,SHD,16.981746564524087,6.527802300569147,7045.47847749885,0.0,4.162656539493369,5.912864402689445,12684.207668602468,359.00000000000006,138.0,148943.85355544093,0.0,88.00000000000001,125.0
54,54.0,54.0,54.0,8712.0,7698.0,maintank,Gator,ATL,13.43737191,5.8788502110000005,6701.287101,0.0,4.199178722,5.8788502110000005,714.4254147,15.999999998799806,6.999999999921432,7979.283026926144,0.0,4.9999999997737765,6.999999999921432,57,8712,7698,maintank,ATL,13.437371910236076,5.8788502107282845,6701.287101222071,0.0,4.1991787219487735,5.8788502107282845,714.4254147410393,15.999999999999998,7.000000000000001,7979.283027648925,0.0,4.999999999999999,7.000000000000001
55,55.0,55.0,55.0,5210.0,4408.0,offtank,Geguri,SHD,16.85837018,5.43818393,6097.47149,0.0,3.589201394,4.241783465,5516.547507,154.9999999809369,50.00000000274827,56061.65191193847,0.0,33.00000000365271,38.99999999846596,58,5210,4408,offtank,SHD,16.858370183202798,5.438183930065417,6097.4714897964905,0.0,3.5892013938431746,4.241783465451025,5516.5475066304225,155.00000000000009,50.00000000000001,56061.651906311534,0.0,33.0,39.00000000000001
56,56.0,56.0,56.0,4666.0,4410.0,maintank,Gesture,LDN,16.35473371,4.983838971,7330.782136,0.0,4.3548107510000005,5.080612543,12400.079609999999,338.00000000725123,103.00000000636749,151503.80348327642,0.0,89.99999999813981,105.00000000127429,59,4666,4410,maintank,LDN,16.429967494501806,4.9787780286369125,7615.111666719976,0.0,4.5957951033571485,5.055374613692863,15666.494780719282,429.00000000000006,130.00000000000006,198836.84530210504,0.0,120.0,132.00000000000003
57,57.0,57.0,57.0,4413.0,7697.0,flexsupport,Gido,WAS,8.268544077,4.695716388999999,7858.324109,10157.86343,4.899877971,2.143696612,5877.697397,80.99999999727113,45.99999999445923,76981.4186004194,99508.07906932084,47.99999999294058,20.9999999938502,60,4413,7697,flexsupport,WAS,8.851892283350244,5.474869793748417,7706.7839370771,10251.828374476407,4.809698697311694,2.2001813189830086,11726.306271851065,173.00000000000003,107.0,150620.18136191374,200360.132275939,94.0,43.0
58,58.0,58.0,58.0,8713.0,7693.0,maindps,GodsB,HZS,18.13220135,4.359148151,9814.268754,96.60474994,4.080904652,5.843113478999999,12938.30768,390.9999999700189,94.0000000005685,211633.38132243708,2083.169963455303,88.00000000053222,126.000000000762,61,8713,7693,maindps,HZS,18.70130934153665,4.4133820008040665,10686.345440275214,71.93749244596728,4.4133820008040665,6.064431382399831,18897.07258170843,588.9999999999999,139.00000000000003,336567.7423634827,2265.6800268292427,139.00000000000003,191.0
59,59.0,59.0,59.0,8789.0,4410.0,flexdps,Guard,LDN,18.577940899999998,3.45253769,6192.754774,7423.766804000001,5.178806535,3.534740968,7298.978973,225.99999998456119,42.00000000466666,75334.64480061895,90309.86300475236,63.000000006999976,43.00000000072278,62,8789,4410,flexdps,LDN,18.002167964805434,3.861663790557632,6016.5871087068135,7458.365849233483,5.111025605149808,3.520928750214312,10565.394144296646,317.0,67.99999999999999,105946.02367830275,131334.2914491892,90.00000000000001,62.0
60,60.0,60.0,60.0,8741.0,7693.0,maintank,Guxue,HZS,13.80556815,6.002420934,8554.840958,0.0,4.951997271000001,3.6014525610000003,3998.386695,92.00000001312628,40.000000000491795,57009.27044051378,0.0,33.000000003404516,24.000000004293465,63,8741,7693,maintank,HZS,15.605346520657873,5.489317871588197,8565.314500277622,0.0,4.705129604218453,4.548291950744505,7651.223882913589,199.0,70.0,109225.23144865037,0.0,59.99999999999999,57.99999999999999
61,61.0,61.0,61.0,4664.0,4407.0,flexsupport,HaGoPeun,FLA,14.16330741,5.579484735,5552.743021,8587.732665000001,4.107972278,3.2495900110000004,9785.849875,231.00000007955845,90.99999999427358,90563.84932993328,140063.77104387278,67.00000000528294,53.000000004909346,64,4664,4407,flexsupport,FLA,12.883194060435624,5.247368367312264,5192.744955984136,9178.702956766678,4.2340834412105846,3.184609767748132,16579.739387452602,355.99999999999983,145.0,143490.59679287672,253634.17156338692,116.99999999999996,87.99999999999999
62,62.0,62.0,62.0,8750.0,7696.0,flexdps,Haksal,VAN,17.96875229,3.999496478,5656.6305409999995,9167.420920999999,4.9848796680000005,4.695061082,10351.30303,310.0000000413274,69.00000001865955,97589.16143107307,158157.9199280545,86.00000001925632,81.00000000690278,65,8750,7696,flexdps,VAN,18.99056824817345,3.998014368036515,5728.500626250107,9515.24840537428,5.14030418747552,4.807136323472476,12606.2578471303,399.00000000000017,84.0,120358.25995326044,199919.458129406,108.0,101.0
63,63.0,63.0,63.0,8723.0,7699.0,maindps,Happy,GZC,16.9880153,4.357315613,8810.598109999999,1512.837264,4.357315613,6.287771897000001,10878.25721,307.9999998680255,78.99999997227138,159739.92069086642,27428.388124441117,78.99999997227138,113.99999995562605,66,8723,7699,maindps,GZC,17.166693472478766,4.090637752097791,9686.055702605694,1071.6317163730484,4.51019034205654,5.768848111932782,17161.13825136423,491.0,117.0,277039.56837138534,30650.70006537437,129.00000000000003,165.0
64,64.0,64.0,64.0,4671.0,7699.0,offtank,HOTBA,GZC,17.9256655,3.254197736,6702.361844,4.005309648,3.088730055,5.791368853,10878.25721,324.99999994903874,58.999999974012795,121516.69342253648,72.61798092773094,55.99999998424575,104.99999996819444,67,4671,7699,offtank,GZC,17.693144115788122,3.2169352937796587,6561.04267536656,5.7028061166679045,2.9721684779485966,5.4548033242350735,17159.18878030777,506.0,92.0,187636.9497704506,163.09254455566406,84.99999999999999,156.0
65,65.0,65.0,65.0,4645.0,4406.0,flexdps,Hydration,GLA,15.440957699999998,5.581697546,5700.475864,9105.002129,5.320870558,3.129923857,11501.87725,296.0000001464038,107.00000003453036,109276.95609052618,174541.02808124444,102.00000003542499,60.00000000843425,68,4645,4406,flexdps,GLA,15.26732171898997,5.649581605265013,5366.840427338093,9203.882744214157,5.111526214287391,3.0601900361852143,17842.029205501083,454.00000000000006,168.00000000000009,159592.20607638362,273693.2412104608,152.00000000000003,91.0
66,66.0,66.0,66.0,8782.0,7697.0,mainsupport,Hyeonu,WAS,6.677800952999999,6.260438392999999,3572.6348399999997,7475.306214,3.7562630360000004,0.834725119,1437.599004,15.999999998238414,14.999999997300264,8560.027146066166,17910.821279735683,8.999999998859359,1.9999999994803024,69,8782,7697,mainsupport,WAS,6.677800953041069,6.260438393476001,3572.634840339715,7475.306214478678,3.756263036085601,0.8347251191301336,1437.599004149437,16.0,15.0,8560.027147769928,17910.821282744408,9.0,2.0
67,67.0,67.0,67.0,8742.0,7694.0,mainsupport,HyP,PAR,19.41787104,4.378539548,7307.229725,9425.879665,4.47372519,4.85446776,6303.471671,204.00000001961888,46.0000000019519,76768.19260837769,99026.27573763746,46.99999999834016,51.00000000490472,70,8742,7694,mainsupport,PAR,17.179847776156144,5.52914641071692,6949.2632960332885,9931.78597204728,4.541798837374612,4.67344518048692,9115.331057667732,261.00000000000006,84.0,105574.72591707113,150885.86188185212,69.0,71.0
68,68.0,68.0,68.0,8717.0,7693.0,mainsupport,iDK,HZS,12.10268141,3.6632637210000003,4230.2808479999985,5675.781028,3.106818599,2.2721509159999997,12939.281359999999,260.9999999573859,78.99999996983256,91227.99020681897,122400.87943173676,66.99999997823669,48.99999999084289,71,8717,7693,mainsupport,HZS,12.921970692478702,3.7146697076658683,4492.2694265029995,5487.169912911317,3.111432746591923,2.0637053931477043,18898.046266436577,407.0,117.0,141491.859105587,172827.9848099947,98.0,65.0
69,69.0,69.0,69.0,8754.0,7695.0,maindps,ivy,TOR,21.22339326,5.318274188,11601.7499,32.32027218,5.1194602,7.455524562999999,12071.5852,426.99999995199295,106.99999996233805,233419.1873115691,650.2615321800996,102.99999997051506,149.99999995491208,72,8754,7695,maindps,TOR,20.98341413958165,5.08293882884276,11699.440239610232,21.187433282501946,5.148104711263821,6.744668830579816,18414.543859720237,644.0000000000001,156.00000000000003,359066.4257107974,650.2615324258805,158.00000000000003,207.00000000000003
70,70.0,70.0,70.0,5872.0,4405.0,flexsupport,IZaYaKI,VAL,15.03841284,4.674101288,8352.502206000001,10881.9532,5.486988468,3.962825005,11809.75691,295.99999992103784,91.99999997332985,164401.70107183128,214188.7033299944,107.99999995842221,77.99999997653256,73,5872,4405,flexsupport,VAL,14.111597045141387,5.027473148760446,8297.759985294155,11129.314420330027,5.374195434881855,3.8139451473355113,17304.915894269943,406.99999999999983,145.0,239320.06442725656,320986.4166744947,154.99999999999997,110.0
71,71.0,71.0,71.0,4140.0,4525.0,flexdps,Jake,HOU,14.78019941,5.552782097000001,5321.516304,5755.137659,4.164586573,4.409562254,7347.668121,181.0000000448,67.99999999497739,65167.89283713756,70478.06918166809,50.999999999294566,54.000000002134506,74,4140,4525,flexdps,HOU,15.135334774230564,5.621695773285638,5068.241752131653,5944.5955285622595,4.162217062913403,4.540600432269169,11099.853588044643,280.0,104.0,93761.23566246033,109973.56667864324,76.99999999999997,84.0
72,72.0,72.0,72.0,4648.0,7697.0,maintank,Janus,WAS,7.148026803,6.841682797000001,5193.7931,0.0,3.471898733,2.450752047,5875.747414,70.00000000488322,67.00000000313507,50862.36062696008,0.0,34.000000003491046,24.00000000419243,75,4648,7697,maintank,WAS,9.517065353491262,6.85638041595607,6116.715258213431,0.0,3.7351923161551728,3.1723551178304215,11726.303839981556,186.00000000000003,134.0,119544.1027007699,0.0,73.0,62.00000000000002
73,73.0,73.0,73.0,8179.0,4409.0,mainsupport,Jecse,SEO,14.61064178,3.871195685,3786.651411,5565.0313369999985,2.934616084,2.122913763,9609.434145000001,234.00000000182598,61.999999995692775,60645.962273459714,89128.00357960463,47.000000000092975,34.000000001771056,76,8179,4409,mainsupport,SEO,13.544963141018519,4.1706242439859285,3804.18859461868,5447.06803370438,3.0610086194392125,2.104443425864459,15681.105794727802,353.99999999999994,109.0,99423.13969218732,142360.08351266384,79.99999999999999,54.99999999999999
74,74.0,74.0,74.0,8811.0,7692.0,flexdps,JinMu,CDH,16.24103052,6.58420156,7553.850420999999,5277.267004,5.047887863,5.816044712,10935.26669,296.0000000943823,119.99999999885674,137672.2814833396,96180.53680512882,92.00000000519863,106.0000000111404,77,8811,7692,flexdps,CDH,16.142269761024746,6.592131106596493,8166.0029244795705,4989.972626062245,5.155384583363924,6.1273013490800725,14198.746730983257,382.0,156.0,193245.01221525672,118085.59585332873,122.0,144.99999999999997
75,75.0,75.0,75.0,8748.0,7696.0,offtank,JJANU,VAN,19.76377349,2.897914002,6766.023074,0.0,1.7967066809999999,5.679911444,10352.27408,341.00000003919683,50.000000014956115,116739.54215608686,0.0,31.000000005131877,98.00000003069428,78,8748,7696,offtank,VAN,21.035550492879228,2.807912848597,6939.6811997681725,0.09661190678599632,1.8560779846658133,5.758600926783678,12607.228895187378,442.00000000000017,59.0,145816.9155751765,2.030014038085937,39.0,121.0
76,76.0,76.0,76.0,4653.0,4403.0,flexsupport,JJONAK,NYE,18.59509688,3.41093493,8687.211781,8413.023605,4.62126668,5.061387316,10906.10075,338.0000000488177,61.99999999712365,157906.01153362152,152922.13841376366,84.00000000783001,92.00000000511345,79,4653,4403,flexsupport,NYE,18.638153371612827,3.0437306917351585,8631.163532879129,8723.821048500611,4.62196142078302,5.03530756410508,15967.247080028057,496.0,80.99999999999999,229693.20119601488,232159.01027226445,123.0,134.00000000000003
77,77.0,77.0,77.0,4635.0,4405.0,maindps,KariV,VAL,18.52653429,4.6910134889999995,10987.40698,34.83381244,4.92853316,5.522332335,10104.42628,311.9999999286619,78.99999996347681,185035.7397296124,586.6261497522116,82.99999997292574,92.99999995444628,80,4635,4405,maindps,VAL,17.730133556625997,4.845980104414046,11008.211182586972,44.875841158457774,4.999820742649412,5.3844223382378305,15600.559302985668,461.00000000000017,126.0,286223.7522895634,1166.8137021064756,129.99999999999997,140.00000000000003
78,78.0,78.0,78.0,3981.0,4402.0,mainsupport,Kellex,BOS,11.06877077,4.97767206,4681.084661999998,6150.518013,3.209288565,2.030366235,9160.908844,169.00000006516947,75.99999999497616,71471.64979938089,93907.224767455,48.99999999676095,30.999999997950802,81,3981,4402,mainsupport,BOS,12.317257754782547,4.614429896334465,4707.370377177274,5992.3119139433875,3.4154048051609425,2.034709245627796,16513.41589576006,339.0,127.0,129557.94135618205,164922.56468677527,94.0,56.00000000000001
79,79.0,79.0,79.0,8691.0,7698.0,flexsupport,Kodak,ATL,15.07676376,5.072556031,7578.620778,9958.510804000001,5.072556031,4.227130026,4258.208261,106.99999998662905,35.999999992649286,53785.57600644309,70675.68828808426,35.999999992649286,29.99999999505724,82,8691,7698,flexsupport,ATL,15.076763760149582,5.072556031452198,7578.62077846761,9958.510804350484,5.072556031452198,4.227130026210164,4258.208261489868,107.0,36.00000000000001,53785.57601594925,70675.68829870224,36.00000000000001,30.0
80,80.0,80.0,80.0,8706.0,4407.0,mainsupport,Kris,FLA,13.79542929,4.291911335,3817.551789,5101.85658,2.63645982,2.023329629,9785.849875,224.9999999885297,70.00000000186807,62263.31449531945,83210.00429276821,42.99999999998253,32.999999995055745,83,8706,4407,mainsupport,FLA,13.173476878106053,4.342904465309688,3661.1322223136253,5023.936520622548,2.714315290818554,2.4609791970088226,16578.76671594381,364.0,120.0,101161.76171660423,138817.78595185274,74.99999999999999,67.99999999999999
81,81.0,81.0,81.0,8744.0,7694.0,mainsupport,Kruise,PAR,16.75267305,4.85446776,5339.8306950000015,5302.353964,3.426683125,3.521868767,6303.471671,175.99999997366695,51.00000000490472,56099.11918978126,55705.39666948093,36.000000006552085,37.00000000294033,84,8744,7694,mainsupport,PAR,14.808634234649107,5.528556780935668,5238.251211784571,5455.9606430051035,3.4882560641617903,3.0933591512378147,9116.303222894669,224.99999999999997,84.0,79589.14400720596,82896.98598968981,53.0,47.00000000000001
82,82.0,82.0,82.0,5865.0,4405.0,maindps,KSF,VAL,17.24005861,4.573893101,11256.02945,0.0,4.925731032,5.629406893,1705.3306289999994,48.99999998898026,12.999999998178485,31992.086303351698,0.0,13.999999998475628,15.999999996227706,85,5865,4405,maindps,VAL,17.240058610351415,4.573893100705479,11256.029445349837,0.0,4.925731031528977,5.629406893175972,1705.3306293487549,48.99999999999999,13.000000000000002,31992.086296677582,0.0,14.000000000000002,15.999999999999998
83,83.0,83.0,83.0,4647.0,4405.0,mainsupport,KuKi,VAL,11.73366431,4.434770761,3740.973075,6757.606348,3.1412959560000004,2.124994323,6494.134996,127.000000044812,47.99999999707942,40490.640275752055,73141.34645623092,34.000000001088125,22.999999998826052,86,4647,4405,mainsupport,VAL,11.058968809691232,4.303490125038217,3812.680605245477,6237.37928337222,3.0524755538061767,1.6513392340262925,11990.26801520586,221.0,86.00000000000001,76191.7705221176,124646.41553354266,60.99999999999999,33.0
84,84.0,84.0,84.0,8674.0,7699.0,flexdps,Kyb,GZC,16.45822744,3.571124822,4267.935756,7088.2906900000025,4.036923712,4.036923712,3864.32866,105.99999998198406,22.99999999682,27487.844101582614,45652.47477296363,25.99999999752531,25.99999999752531,87,8674,7699,flexdps,GZC,14.249720630769696,3.336519952570467,4344.453489013631,7812.709180443355,4.518204102439174,3.4755416172609035,8631.748171567917,204.99999999999997,48.0,62500.38076709211,112395.56363880633,65.00000000000001,50.00000000000001
85,85.0,85.0,85.0,8772.0,7692.0,flexsupport,Kyo,CDH,13.168396,5.267358399,5633.937247999997,8283.328747,4.444333649,3.346967316,10935.27261,240.00000016072258,96.00000004606358,102681.0661241886,150967.4299444912,81.00000003601842,61.00000002870003,88,8772,7692,flexsupport,CDH,12.803941622198325,5.239896901493703,5546.798229378046,8450.021603634877,4.563781172268709,3.084778014589035,14198.752646982668,303.0,123.99999999999996,131262.69340276718,199966.27768611905,108.0,72.99999999999999
86,86.0,86.0,86.0,8786.0,7692.0,offtank,lateyoung,CDH,19.26950062,5.973545193,8210.739681000001,260.6226284,4.33563764,4.913722658999999,6227.457697999997,199.99999995439126,61.99999999416456,85220.05672119586,2705.027322504289,44.99999999492758,50.99999999771094,89,8786,7692,offtank,CDH,18.270496016711842,5.773205061042775,8341.588292146233,183.7256167919653,4.075203572500783,4.482723929750861,8833.914517283441,269.00000000000006,85.00000000000001,122814.79651865365,2705.027322292328,60.00000000000002,66.00000000000001
87,87.0,87.0,87.0,4654.0,4403.0,flexdps,Libero,NYE,19.47359966,3.520650786,4761.58312,7695.132734999999,4.345803313999999,4.290793146,10907.07438,353.99999989660455,63.99999998151244,86558.23542732077,139885.64184102972,78.99999997774745,77.99999998769367,90,4654,4403,flexdps,NYE,19.636309095820586,3.2859146269215898,4654.385583574685,7770.702722470159,4.236058615429037,4.394415946846946,15155.597650647163,496.0,83.0,117566.65869271755,196282.7398742437,107.0,111.0
88,88.0,88.0,88.0,4629.0,4525.0,flexdps,LiNkzr,HOU,17.94937552,5.623624089,6260.564597,5999.910035,4.853264625,5.16140841,7788.571801000001,233.00000003438618,72.99999999834954,81268.09479755523,77884.55017856322,63.00000000177642,66.99999999261709,91,4629,4525,flexdps,HOU,18.587146779665133,5.290723427919664,6852.962606433021,5421.9159780548,4.873034736241795,5.569182555704908,8618.859144926071,267.0,76.0,98441.19905048607,77884.55018413067,70.0,79.99999999999999
89,89.0,89.0,89.0,8891.0,4408.0,flexsupport,Luffy,SHD,15.48574132,4.908426935,7640.968612000002,8102.75007,4.2170991980000005,4.147966424,8678.951640000001,224.00000004304962,70.99999999556405,110525.99511050992,117205.62668089438,61.00000000087465,59.99999999706623,92,8891,4408,flexsupport,SHD,16.22165660329639,4.6401482841987365,7826.760003781435,8736.583338204593,4.526973935803643,3.923377411029824,15904.664135694504,430.0,123.00000000000004,207469.98188471797,231587.372812748,120.0,104.0
90,90.0,90.0,90.0,4093.0,4403.0,maintank,Mano,NYE,18.26174333,4.1803990760000005,7894.14282,0.0,4.950472588999999,5.885561856,10908.049490000001,332.00000002886236,76.00000001493045,143516.1676028136,0.0,89.99999999950072,107.00000000284042,93,4093,4403,maintank,NYE,18.59830568425413,4.208101488154469,8150.926906756186,0.0,5.034692851899098,5.8988565503593895,15969.196605443954,495.0,112.0,216939.59048432115,0.0,134.0,156.99999999999997
91,91.0,91.0,91.0,8681.0,7698.0,mainsupport,Masaa,ATL,16.16379367,4.464824125,4822.6101,5830.611839,3.504039187,3.051905098,10616.31963,286.0000000568179,79.00000000455844,85330.6171207771,103166.06486881018,62.0000000087289,54.00000000132413,94,8681,7698,mainsupport,ATL,17.560087613098993,4.289487050527998,5072.143825698278,5857.394653503506,3.6192546988829983,3.306479601448665,13428.179015696047,393.0,96.0,113516.09214138982,131090.23995470998,80.99999999999999,74.0
92,92.0,92.0,92.0,4649.0,4403.0,offtank,MekO,NYE,22.33412843,2.695498258,7711.893884,15.53714684,3.135579607,6.821260898999999,10907.07438,405.9999999974711,48.9999999852774,140190.33367242516,282.44136039476984,56.99999999660027,123.99999998463107,96,4649,4403,offtank,NYE,21.755711312728053,2.780522689364207,7241.232405861211,13.933475763305152,3.0435451059256864,6.2373887356007875,15968.220712542534,579.0,74.0,192715.99547934526,370.8213604688645,81.0,165.99999999999997
93,93.0,93.0,93.0,8242.0,4409.0,offtank,Michelle,SEO,20.79417661,2.8100238660000003,7216.539154000001,34.55569281,2.497798992,4.995597983,9608.45932,333.00000008346746,45.00000000781689,115566.37148732705,553.3782810655024,40.00000000694834,79.99999999788258,97,8242,4409,offtank,SEO,19.018883423014074,2.984854943652108,7411.267069689091,21.176332022364427,2.296042264347776,5.051292981565107,15679.153889715672,497.00000000000006,78.0,193670.66150572893,553.3782809972763,60.00000000000002,132.0
94,94.0,94.0,94.0,5716.0,4404.0,mainsupport,moth,SFS,12.54722565,4.006677098,3874.0168719999997,7232.697222,3.479482743,2.425094033,11381.00199,238.0000001527151,76.00000004270905,73483.65621587596,137192.23579441578,66.00000003708944,46.00000002585021,98,5716,4404,mainsupport,SFS,13.461112342918112,3.6132459446780185,4115.898847522245,7217.930704906149,3.4715500252788813,2.5859505290342693,16937.67901134491,380.0,101.99999999999996,116189.62253749373,203758.32234305143,98.0,73.00000000000001
95,95.0,95.0,95.0,4623.0,4525.0,maintank,Muma,HOU,15.48635731,5.721348674,7230.6222819999975,0.0,4.043659965,5.248154423,13947.76032,359.9999999829332,133.0000000201697,168084.9775896457,0.0,94.00000001233265,122.00000002391981,99,4623,4525,maintank,HOU,15.287341038698852,5.660722734950571,7171.990735773887,0.0,3.9658955687977056,4.982791868489426,17700.919951677322,451.00000000000006,167.0,211584.72318017486,0.0,116.99999999999996,147.0
96,96.0,96.0,96.0,4642.0,4409.0,flexdps,Munchkin,SEO,17.54348323,5.24431527,5804.017057,8068.575870000002,4.994585972,4.370262725,9610.406202,281.00000006379156,83.99999999341884,92964.93586851098,129237.15263725928,80.000000002885,69.99999999451569,100,4642,4409,flexdps,SEO,16.718689947137438,4.897007581770235,5580.380656845329,7913.326543357362,4.973523325235393,3.672755686327676,15683.046986877918,436.99999999999983,128.00000000000003,145862.28674328327,206841.78666996962,129.99999999999997,96.0
97,97.0,97.0,97.0,8236.0,4403.0,maindps,Nenne,NYE,23.43433237,2.585477984,11514.2251,0.038574102,5.005925459,7.9214644629999995,10907.074120000001,426.0000001871754,47.00000001186029,209310.84433344068,0.7012176493774003,91.00000003418005,144.00000006147832,102,8236,4403,maindps,NYE,22.99567878262797,2.7805232514942317,11310.695446006997,0.026347999783576232,5.072576202050288,7.777950176477108,15968.217484295368,611.9999999999999,74.00000000000001,301019.40796744823,0.7012176513671876,135.0,207.0
98,98.0,98.0,98.0,4024.0,4524.0,mainsupport,neptuNo,PHI,15.24296483,5.125558348,4748.053132,4978.841269,3.209045227,3.075335009,13461.94801,342.00000009953084,115.0000000049958,106530.07401950278,111708.1705222007,72.00000001268775,69.0000000074848,103,4024,4524,mainsupport,PHI,15.143452189321264,4.651203172434387,4755.827111406855,4673.2888345633755,3.1729137920482655,2.9205229222262434,16640.855522871014,419.99999999999983,128.99999999999994,131901.71975445744,129612.54052102564,87.99999999999999,80.99999999999997
99,99.0,99.0,99.0,4626.0,4404.0,offtank,Nevix,SFS,13.83133918,4.5580549580000005,5785.457295,17.60965502,2.514788943,3.7721834139999997,3817.417771,87.99999997076763,28.999999996439772,36809.17915215765,112.03901669087894,16.000000002204178,24.000000000125084,104,4626,4404,offtank,SFS,17.375784315553027,3.97485262120494,6318.108318307082,12.723959408604458,2.8391804437178148,4.542688709948503,5283.214750647545,153.00000000000003,35.0,55633.20510578156,112.0390167236328,25.000000000000004,39.99999999999999
100,100.0,100.0,100.0,8743.0,7694.0,flexdps,NiCOgdh,PAR,19.03712847,5.4255816139999995,5233.367685,8740.274369,4.85446776,3.712240052,6303.471671,200.00000001305432,57.00000000424578,54980.64157720727,91823.45313626487,51.00000000490472,39.00000000622261,105,8743,7694,flexdps,PAR,17.50896363393691,6.0557317831661495,5298.430506896131,8947.083405134821,4.936737866711535,3.225335406251536,9115.331057667732,266.0,92.0,80494.91359400749,135926.04539728168,75.0,48.99999999999999
101,101.0,101.0,101.0,8671.0,7698.0,flexdps,NLaaeR,ATL,13.89521667,6.69496803,4935.903895,6462.768373,4.421205303,3.915924697,4749.835975,110.00000003264284,53.0000000006148,39074.556482689375,51161.81619361269,35.00000000175029,31.000000002002626,106,8671,7698,flexdps,ATL,13.965436276893525,6.2325087516714905,5095.7634072647415,6028.6247493057,4.501256320651631,4.039589005713003,5198.548656880856,121.00000000000004,54.00000000000001,44150.95669436456,52233.498488903046,39.0,35.00000000000001
102,102.0,102.0,102.0,8714.0,7693.0,maintank,NoSmite,HZS,14.22676058,6.173877232000001,6042.155488,0.0,3.82511959,3.82511959,8940.896931000001,212.0000000129897,91.99999999326596,90037.14909880672,0.0,57.00000000489831,57.00000000489831,107,8714,7693,maintank,HZS,13.603842358683293,6.188414563165733,6114.777721092437,0.0,3.7877364998686813,4.21452371112149,11246.822476029398,255.00000000000009,116.00000000000004,114619.69918251039,0.0,71.0,79.00000000000001
103,103.0,103.0,103.0,4607.0,4402.0,offtank,NotE,BOS,15.53029836,5.324673725,6870.534942,20.50509654,4.159901347,4.936416266,10817.56423,280.0000000339394,96.00000003996807,123870.75504924054,369.69199810633455,75.00000001939334,89.00000003911958,108,4607,4402,offtank,BOS,16.906014326566893,5.2501099178205815,7161.304275110678,12.207066825562904,4.028386226252269,5.778422865525795,18171.04812914133,511.99999999999983,159.00000000000003,216880.67441743612,369.6919980049134,122.0,175.0
104,104.0,104.0,104.0,4660.0,4410.0,mainsupport,NUS,LDN,13.64400281,3.096511276,4271.255018,6275.374636,3.2900432310000003,1.6934046040000001,12401.05285,281.99999988726415,63.99999997382823,88280.09869007618,129702.08752430914,67.99999997735961,34.99999998439554,109,4660,4410,mainsupport,LDN,13.749088755062274,3.1021620867967807,4348.285672814361,6378.053656508345,3.4085484657396723,1.7234233815537667,15666.4928008914,359.0,81.0,113537.31031560898,166536.2194889784,89.0,44.99999999999999
105,105.0,105.0,105.0,5717.0,4523.0,maintank,OGE,DAL,14.4277124,6.074826275,7385.091278,0.0,3.746142869,5.011731676,11852.19079,285.000000046748,120.00000004567501,145882.5180473682,0.0,74.0000000166433,99.00000002039744,110,5717,4523,maintank,DAL,15.139008636575804,6.3743194259266565,7388.786040143779,0.0,3.832180131063049,5.0463362121919335,15813.452898204328,399.00000000000006,168.00000000000006,194737.03336787227,0.0,101.00000000000004,133.0
106,106.0,106.0,106.0,4668.0,4524.0,offtank,Poko,PHI,18.48243778,3.862001924,6737.470995999999,5.9685134689999995,4.091882991,5.425193179,13050.226540000001,402.0000000674245,84.00000001019309,146542.53800746572,129.8174214624855,89.0000000128713,118.0000000153546,111,4668,4524,offtank,PHI,18.30042188599877,3.6970549264643977,6713.810649801336,7.0176543304987815,4.140701517640125,5.101935798520869,16229.134052217007,495.0,100.0,181598.8883947134,189.81742143630984,112.0,138.0
107,107.0,107.0,107.0,8702.0,7698.0,maintank,Pokpo,ATL,17.932437399999994,5.997673319,7726.525299,0.0,4.483109348999999,4.846604702,9903.840514,296.00000006148133,99.00000001074841,127537.12381447028,0.0,73.99999999886394,80.0000000050175,112,8702,7698,maintank,ATL,19.53341419992913,5.756223508191676,8337.68431751734,0.0,4.7653981502242555,5.1428554294499405,12716.670903384686,414.0,122.0,176712.64593696588,0.0,101.0,109.00000000000004
108,108.0,108.0,108.0,4662.0,4410.0,maindps,Profit,LDN,19.06289618,3.3868089660000003,9066.258695999999,4153.099915,5.37051136,5.564043301,12401.053740000001,393.99999994703455,69.99999999079972,187385.26884973052,85838.02538917403,110.99999997773412,114.99999997898001,113,4662,4410,maindps,LDN,19.30234077844802,3.6000397483613367,9534.055241136546,3604.9391954956254,5.4000596225420034,5.36176132734667,15666.493689596653,504.0,94.0,248942.0271192193,94127.92859601976,140.99999999999997,139.99999999999994
109,109.0,109.0,109.0,4658.0,4404.0,maindps,Rascal,SFS,16.19889182,6.479556727,6686.631184000003,5306.996784,3.702603844,5.091080286,1296.384977,34.99999999916031,13.999999997503481,14447.413689462208,11466.518172941524,7.999999998573418,10.999999999118774,115,4658,4404,maindps,SFS,17.309643319337674,4.207869094203634,5613.017638333437,9570.254668143223,4.781669425231403,4.39913587121289,6273.959433853625,181.0,44.0,58693.07494068144,100072.31593263145,50.00000000000001,45.99999999999999
110,110.0,110.0,110.0,4136.0,4525.0,flexsupport,Rawkus,HOU,12.60417415,4.947030808,6539.502312,8608.342067,4.1727129419999995,3.5704657139999996,13947.76032,293.00000012623286,115.00000000939991,152019.01809976975,200111.8198384823,96.99999999863009,83.00000001608278,116,4136,4525,flexsupport,HOU,13.167284695554946,4.83544353226594,6464.350009671162,8345.94421679971,4.091529142686563,3.5707890699810014,16130.888403415682,354.00000000000006,130.00000000000003,173792.84767770767,224379.15797054765,110.0,95.99999999999996
111,111.0,111.0,111.0,8801.0,4523.0,offtank,rCk,DAL,16.34340876,3.8556633330000003,6838.755365000001,121.9980373,4.661324329,4.488682687,10426.22151,283.99999993372404,66.99999996307149,118837.29714698484,2119.9642677917373,80.99999997351019,77.99999997127331,117,8801,4523,offtank,DAL,17.014789129172122,3.753262307905615,7170.850739961799,120.5576243259832,4.837538085745015,4.712429342148161,14387.483626246452,408.00000000000006,90.0,171950.82934576273,2890.8680766820903,116.0,113.0
112,112.0,112.0,112.0,8715.0,7693.0,flexsupport,Revenge,HZS,8.593986147999999,4.4760344519999995,6010.523007,8641.515790000001,4.2969930739999995,1.790413781,3351.18064,47.999999999342954,24.999999999192358,33570.58056222164,48265.46735950385,23.999999999671484,10.000000000794,118,8715,7693,flexsupport,HZS,8.325960628396022,4.757691787654871,6524.757119773824,8786.595401297007,4.460336050926442,1.9328122887347907,4035.570368349552,56.0,32.00000000000001,43885.194155395024,59098.206733584404,30.000000000000004,13.0
113,113.0,113.0,113.0,8716.0,7693.0,offtank,Ria,HZS,17.06431815,4.2660795369999995,6569.263077000001,0.0,3.014077934,5.378969852000001,12939.28055,367.9999998955116,91.99999996309519,141669.22993343213,0.0,64.99999997931731,115.9999999750333,119,8716,7693,offtank,HZS,17.526528008179426,4.3816320020448565,6880.948485412498,0.0,3.0163408709729085,5.429413567751236,18897.068480730057,552.0,138.0,216716.2579020262,0.0,95.0,171.0
114,114.0,114.0,114.0,8724.0,7699.0,maintank,Rio,GZC,17.20863888,4.633095082,7339.181822,0.0,4.74340687,5.46043349,10878.25721,311.9999999510772,83.99999996730337,133062.51261778738,0.0,85.9999999725684,98.99999997052991,120,8724,7699,maintank,GZC,16.61012044687287,4.7207710743743965,7659.6469114942165,0.0,4.7207710743743965,5.490081916124296,17158.213928163048,474.99999999999983,135.0,219043.10053601855,0.0,135.0,156.99999999999997
115,115.0,115.0,115.0,8222.0,4406.0,maintank,rOar,GLA,14.60631133,6.207682317000001,8020.3098310000005,0.0,4.903547377,4.747051184,11501.87725,279.9999999882404,119.00000002854931,153747.69863855038,0.0,94.00000003302245,91.00000002972529,121,8222,4406,maintank,GLA,14.392981708651336,6.423036229795341,7851.3574117287,0.0,4.808870056862482,4.338071589757062,17842.029205501083,428.0,191.00000000000003,233473.5804048181,0.0,143.00000000000006,129.00000000000003
116,116.0,116.0,116.0,8687.0,7695.0,mainsupport,RoKy,TOR,13.22113022,4.672128726,4394.414255,6333.273192000002,3.2307273110000003,2.087546878,12071.5852,265.99999981837453,93.9999999687941,88412.57680554502,127421.0782201733,64.99999998783899,41.99999999461834,122,8687,7695,mainsupport,TOR,13.4248809121799,4.20342145065827,4397.917045736238,6307.075487539379,3.1932969160039577,1.9550797444922188,18413.57116067409,411.99999999999983,128.99999999999997,134968.93080067632,193559.63884258264,98.0,59.99999999999999
117,117.0,117.0,117.0,4105.0,4409.0,flexsupport,ryujehong,SEO,16.1108035,4.371148235,6525.6674219999995,9936.965659,4.933153008000001,4.0589233610000015,9608.45932,258.0000000704393,69.99999999614549,104502.68326689382,159131.55049789743,78.99999999450607,64.99999999527698,123,4105,4409,flexsupport,SEO,14.998942448760994,4.553250386231015,6836.444578174383,10337.425301095114,5.088926902258193,3.5201599624643145,15681.105571508408,392.0,118.99999999999996,178671.68194019797,270170.4291400909,132.99999999999997,92.0
118,118.0,118.0,118.0,4669.0,4524.0,maintank,Sado,PHI,17.07157167,7.042580479,6992.738386,0.0,3.74415671,4.858489064,13460.975030000001,382.9999999545423,157.99999995764074,156881.79467544748,0.0,83.99999996952825,108.99999995672009,124,4669,4524,maintank,PHI,17.271756526176688,6.598604267829508,7378.208122657705,0.0,4.002432096880193,4.975996660986184,16639.88254839182,479.0,183.0,204620.86096435785,0.0,111.0,137.99999999999997
119,119.0,119.0,119.0,8730.0,7697.0,offtank,Sansam,WAS,9.49351357,4.389474016,5168.75224,21.17768158,2.143696612,2.347858195,5877.697397,92.9999999979553,42.99999999673722,50633.93597797654,207.46000649543475,20.9999999938502,23.0000000021277,126,8730,7697,offtank,WAS,11.254872377900671,4.604265972777546,5697.009987856355,10.613344983634642,2.455608518814692,3.325303202561562,11728.253823578358,220.0,89.99999999999996,111359.96528840065,207.4600064754486,48.0,65.0
120,120.0,120.0,120.0,5442.0,4407.0,maindps,sayaplayer,FLA,19.60982658,4.902456644,15745.88235,817.4892884,4.902456644,11.03052745,489.55047930000006,16.000000002048136,3.999999999696117,12847.340419073184,667.0037882647266,3.999999999696117,9.000000000132179,127,5442,4407,maindps,FLA,14.291229610703516,5.19681076752855,10946.45149556206,433.2865585838208,3.8976080756464135,8.444817497233895,923.6434064507484,22.0,7.999999999999997,16851.02957984805,667.0037882328032,6.0,12.999999999999998
121,121.0,121.0,121.0,8728.0,7696.0,maindps,SeoMinSoo,VAN,19.88523374,3.224632498,11607.70465,0.0,5.038488278,7.188243277000001,8931.250311,296.00000004113787,48.00000000103868,172785.52627551442,0.0,74.99999999976225,107.00000000541651,128,8728,7696,maindps,VAN,20.650434827387546,3.218249583488968,12078.947197342783,0.0,5.2028368266405,7.348336548966478,11186.205129861832,385.0,59.99999999999999,225195.96850374335,0.0,97.00000000000004,137.00000000000003
122,122.0,122.0,122.0,4644.0,4406.0,flexsupport,Shaz,GLA,14.19019082,4.59094409,8143.314757999998,10665.31092,5.164812101,3.599717525,11500.90242,271.999999903333,87.99999999127617,156092.44734517313,204434.50028313405,98.99999998539366,68.99999999098152,129,4644,4406,flexsupport,GLA,14.42818851879124,4.237649774749873,8084.3112476963415,10876.65238734835,5.280246147902623,3.6659033765693367,17840.077405750748,429.0,125.99999999999994,240374.56405180693,323400.5341762304,157.00000000000003,109.0
123,123.0,123.0,123.0,8725.0,7699.0,flexsupport,shu,GZC,15.05620796,3.639962365,6609.723879,9483.036467,4.798132208999999,3.91571709,10879.23336,272.9999998558826,65.9999999840875,119847.88087467568,171946.94447647154,86.99999998973881,70.99999998975021,130,8725,7699,flexsupport,GZC,15.24461066245312,3.356611522008027,7367.109868717571,10079.963478194672,5.104846689720541,4.125834995801534,17160.162748157978,435.99999999999983,96.0,210701.34055125716,288289.6896355152,146.0,118.0
124,124.0,124.0,124.0,4139.0,4404.0,maindps,sinatraa,SFS,19.17774494,4.199048728999999,12667.550640000001,396.0915988,5.389823742000001,5.8912026939999995,9573.596925,305.9999999766972,66.99999999979923,202123.37309064294,6320.035520483356,86.00000000450531,93.9999999930502,131,4139,4404,maindps,SFS,21.098132403076594,3.8468399306361465,13063.725372623703,253.86285029843063,5.472823818843176,5.869405254991232,15129.301205515862,532.0,97.0,329408.3933809399,6401.279211759565,138.0,148.0
125,125.0,125.0,125.0,4488.0,4404.0,flexsupport,sleepy,SFS,14.71957329,2.911563948,7765.0349769999975,11039.57114,5.176113685,3.477701382,7418.693316,181.99999996815853,36.000000000223615,96010.68847062683,136498.6543797075,63.999999996276046,42.999999996145604,132,4488,4404,flexsupport,SFS,14.719573291781485,2.9115639478249085,7765.034976733526,11039.571140861975,5.17611368502206,3.477701382124197,7418.693316400051,182.0,35.99999999999999,96010.68847250937,136498.65439772606,63.99999999999999,43.0
126,126.0,126.0,126.0,8749.0,7696.0,mainsupport,SLIME,VAN,13.85202487,2.83995489,4165.69195,6469.727387,3.2456627310000004,2.2024139959999998,10352.277109999999,238.9999999814196,49.00000000196595,71873.99570216045,111627.35122730037,55.999999994852324,37.999999995890725,133,8749,7696,mainsupport,VAN,15.324537621941516,2.9030956364547595,4424.068903521429,6546.2847770544995,3.2838294904160388,2.47477005074832,12607.23192870617,322.0,61.0,92958.77122545242,137550.88409280774,68.99999999999999,52.00000000000002
127,127.0,127.0,127.0,7831.0,4404.0,maintank,Smurf,SFS,15.71488661,4.714465982,7662.725538,0.0,4.714465982,6.061456262,2672.625075,70.00000000777958,20.9999999978795,34132.65402616944,0.0,20.9999999978795,26.999999994728284,134,7831,4404,maintank,SFS,15.314935761934429,4.981967055087103,7939.018609376701,0.0,4.797449756750543,5.9045535467699,3251.727645099163,83.0,27.0,43025.877145111546,0.0,26.0,32.0
128,128.0,128.0,128.0,4493.0,4524.0,flexdps,snillo,PHI,13.11566286,7.286479365,4268.438247,6369.452283,2.914591746,2.914591746,411.7214707,9.000000003207614,5.0000000006383365,2929.01278774495,4370.73376918372,2.000000000255335,2.000000000255335,135,4493,4524,flexdps,PHI,13.115662856790571,7.286479364883653,4268.438246715948,6369.452282835083,2.9145917459534614,2.9145917459534614,411.72147065401083,9.0,5.000000000000001,2929.0127872228627,4370.733768582345,2.0000000000000004,2.0000000000000004
129,129.0,129.0,129.0,3987.0,7694.0,maindps,SoOn,PAR,22.17825467,5.1400246869999995,9823.684495,24.81416526,4.47372519,5.520767256,6303.471671,233.00000004094747,54.00000000457524,103205.5281984574,260.69231292653734,46.99999999834016,58.00000000063401,136,3987,7694,maindps,PAR,20.20771366773921,6.121554954722303,9645.888996129135,54.559360629314575,4.344329322706152,5.331676896048458,9115.331057667732,306.99999999999994,93.0,146542.45257538554,828.8777240514754,66.00000000000001,81.0
130,130.0,130.0,130.0,4637.0,4405.0,offtank,SPACE,VAL,19.20287775,3.1496783610000003,7384.252098000001,0.554749781,4.216504903,5.994549139,11810.72977,377.9999998526593,61.99999997364585,145355.6768050559,10.919999588929468,82.99999997202175,117.99999995619196,137,4637,4405,offtank,VAL,17.680847398938006,3.5708378080208125,7206.442574068405,0.3785781304205089,4.2642043726850485,5.200249234981764,17306.862793147564,510.00000000000017,103.0,207868.1880934984,10.919999599456787,123.00000000000004,149.99999999999997
131,131.0,131.0,131.0,4094.0,4525.0,offtank,SPREE,HOU,16.46580318,4.4818162489999995,6940.044506,3.191832464,4.384385461,4.579247037,6158.217665,169.00000001914862,45.9999999931264,71230.50778789232,32.759998439208786,44.99999999349895,46.99999999275385,138,4094,4525,offtank,HOU,17.64294682180052,4.889805486191905,7464.072428065223,2.164730001394336,4.2290209610308365,5.5505900113529725,9080.115788936617,267.00000000000006,74.00000000000003,112957.7365064025,32.759998440742486,64.00000000000001,84.00000000000001
132,132.0,132.0,132.0,8752.0,7695.0,flexdps,Stellar,TOR,18.29383627,4.722593601,5692.404705,9013.004531999999,4.921439648,5.219708717,12069.63902,368.0000001164721,95.00000000371985,114508.78324183266,181306.18531144012,99.00000001679312,105.0000000062289,139,8752,7695,flexdps,TOR,17.859226370853666,4.790704884152351,5276.443505094534,8630.593452864694,4.823294713296245,4.660345567576777,18410.651904642582,548.0,147.0,161904.60777801275,264824.7529852986,148.0,143.0
133,133.0,133.0,133.0,8747.0,7696.0,maindps,Stitch,VAN,9.289057751,6.7556783639999995,6847.565097,0.0,3.3778391819999998,4.644528875,1421.026799,22.000000002716114,16.00000000111413,16217.622517890057,0.0,8.000000000557066,11.000000000173866,140,8747,7696,maindps,VAN,9.28905775087072,6.755678364269611,6847.565096929524,0.0,3.3778391821348066,4.64452887543536,1421.0267988443375,22.0,15.999999999999995,16217.622515946628,0.0,7.999999999999997,11.0
134,134.0,134.0,134.0,4610.0,4404.0,maindps,STRIKER,SFS,14.08531882,7.042659411,8429.293453,0.0,4.225595646,6.573148783,1277.9263449999999,29.99999999633719,15.000000000298474,17953.360288874534,0.0,8.999999998901158,13.99999999900065,142,4610,4404,maindps,SFS,14.085318821164938,7.042659410582469,8429.293452814338,0.0,4.225595646349482,6.573148783210304,1277.926345050335,30.000000000000004,15.000000000000002,17953.360289186247,0.0,9.0,13.999999999999998
135,135.0,135.0,135.0,4490.0,4404.0,maintank,super,SFS,14.33103109,5.511935032999999,8274.368445,0.0,4.754043966,4.133951275,8708.3755,208.00000005649048,79.99999999828148,120093.84574068515,0.0,68.99999999906206,60.000000002339604,143,4490,4404,maintank,SFS,16.790942588624777,5.0855074158759095,8814.966498896913,0.0,4.910145091190535,6.137681363988168,13685.949957072737,383.00000000000017,116.0,201068.6506286264,0.0,112.00000000000004,140.0
136,136.0,136.0,136.0,4144.0,4406.0,maindps,Surefour,GLA,17.00736106,4.538774271,9977.130909,33.44330134,4.747453547,4.956132824,11500.90242,325.999999954613,86.99999999529606,191243.34835995815,641.0469088566588,90.99999997921648,94.99999998230507,144,4144,4406,maindps,GLA,17.007361060011142,4.5387742706164715,9977.13090905328,33.44330133530213,4.747453547426424,4.956132824236377,11500.902421593668,325.99999999999994,87.00000000000004,191243.3483874798,641.0469088554382,91.00000000000004,95.00000000000004
137,137.0,137.0,137.0,8705.0,4407.0,maintank,SWoN,FLA,17.65463702,6.865692175,6943.893355,0.0,3.616748556,6.068781476,9787.796815,287.99999999056183,112.00000000539237,113275.69543961446,0.0,58.99999999512108,99.000000002873,145,8705,4407,maintank,FLA,17.04189871677089,6.368098034292308,6978.1244254001085,0.0,3.871514145848165,5.282626778447028,16582.659285604954,471.0,176.00000000000003,192859.76633161303,0.0,107.0,146.0
138,138.0,138.0,138.0,3504.0,4407.0,flexdps,TviQ,FLA,18.76178384,5.088980583000001,6207.37007,6950.121603000001,4.782415487,4.659789449,9785.849875,306.00000007573504,83.00000000337997,101240.65270598039,113354.74436658727,77.99999999276169,75.99999999503828,146,3504,4407,flexdps,FLA,19.172682603835398,4.7461787818318015,6059.52414852817,6529.760276617622,4.6991869127047545,4.6991869127047545,12768.166305065157,408.00000000000006,101.0,128948.35342994335,138955.10857343677,100.0,100.0
139,139.0,139.0,139.0,8729.0,7696.0,flexsupport,Twilight,VAN,14.78074785,4.115423912,7165.302314000001,9231.036188,4.868952234,4.231351346,10351.30303,255.00000000895162,71.00000001670007,123617.02592295705,159255.4214381401,84.00000002121578,73.00000001474064,147,8729,7696,flexsupport,VAN,15.870173692553527,3.904164135228824,7622.69820470247,9422.418055990216,5.070343032764706,4.259088147522353,11833.518878757954,312.99999999999994,77.0,150338.9051873684,185833.93658185005,100.0,84.0
140,140.0,140.0,140.0,3983.0,4523.0,flexsupport,uNKOE,DAL,14.22521819,4.910484572,7087.970681999999,9239.714512,4.505496153999999,3.3411544510000004,11852.19079,281.00000002876413,97.00000003115915,140013.301394984,182518.09873559294,89.0000000346987,66.00000002018285,148,3983,4523,flexsupport,DAL,14.455156047233205,4.894265433315179,7040.076417468455,9162.790889913987,4.476924970009233,3.680184085516065,15814.42630249262,381.00000000000017,129.00000000000003,185557.9494466186,241507.1354228259,118.0,97.0
141,141.0,141.0,141.0,8688.0,4404.0,flexsupport,Viol2t,SFS,14.079246300000001,5.147251335,8640.593039,12372.44653,5.450030825,2.119456432,3963.280336,93.00000001081793,34.000000000758746,57075.15413807862,81725.79006760071,35.999999998860595,13.999999999923865,149,8688,4404,flexsupport,SFS,16.197551536390456,3.781529541569756,8751.420671898943,11875.670680963542,5.483217835276146,3.2773256026937885,9519.957362294195,256.99999999999994,59.99999999999999,138855.25275996327,188426.46421903366,86.99999999999999,51.99999999999999
142,142.0,142.0,142.0,5809.0,4406.0,offtank,Void,GLA,18.88068137,3.077238124,7786.150826000001,0.9919857320000001,2.24273287,5.059188102,11503.82212,361.9999999747966,58.99999999896418,149284.15683632516,19.019379010843323,42.99999999859515,96.9999999950474,150,5809,4406,offtank,GLA,19.032676964968946,3.3290371369822003,7682.944334988431,0.6395577684752062,2.0175982648376967,4.976742386599653,17842.99710571766,566.0000000000001,99.0,228477.9225543141,19.019379019737247,59.99999999999999,148.0
143,143.0,143.0,143.0,4640.0,4407.0,offtank,xepheR,FLA,18.84620886,4.776094025,6484.650390999999,43.10333083,3.6143414239999996,6.776890171,9296.299395999999,292.00000007017985,73.99999999974452,100472.08585520744,667.835780600862,55.99999999478164,105.0000000057094,151,4640,4407,offtank,FLA,19.839367752925504,4.544485716803131,6656.558622910071,32.634087802779874,3.5183115226862967,7.183219358817855,12278.617092728617,406.00000000000006,93.0,136222.22414335608,667.8357805013658,72.00000000000001,147.00000000000003
144,144.0,144.0,144.0,8753.0,7695.0,maintank,Yakpung,TOR,16.25304355,6.362047627000001,7012.301254000001,0.0,3.777465779,4.423611241000001,12071.5852,326.9999999552258,127.9999999596472,141082.65339287976,0.0,75.99999998547145,88.99999997901541,152,8753,7695,maintank,TOR,15.314790801662776,6.451762933466448,6739.935600372571,0.0,3.9101593536160286,4.529267917938566,18413.571798145767,469.99999999999983,198.0,206843.81348723173,0.0,120.0,138.99999999999997
145,145.0,145.0,145.0,8894.0,4408.0,flexdps,YOUNGJIN,SHD,17.30814227,5.661541864,6042.855915,5520.4967259999985,4.286595983,4.367475152,7418.473803,214.00000001432,70.00000000445299,74714.61383455183,68256.10056896378,53.00000000655089,54.00000000060907,153,8894,4408,flexdps,SHD,18.151750325828225,5.1628003184071245,5592.6755926242895,7176.785509134142,4.384282810075892,4.835003472793972,14643.215955972672,443.0,126.0,136491.26079082483,175152.03346657753,107.0,118.0
146,146.0,146.0,146.0,8813.0,7692.0,mainsupport,Yveltal,CDH,8.064926987,4.663393156000001,2979.156788,6711.846031,3.236943485,1.371586222,10936.24284,147.00000002783588,85.00000002068336,54301.303486670666,122337.29683284365,59.00000001885984,24.99999999965025,154,8813,7692,mainsupport,CDH,7.394005233124036,5.0701750169993405,2745.818035561948,7107.241536032006,3.3378652195245646,1.3520466711998238,14200.693222343922,175.0,120.00000000000004,64987.53261232378,168212.92785048485,78.99999999999999,32.0
147,147.0,147.0,147.0,8642.0,4523.0,flexdps,ZachaREEE,DAL,15.490807,5.619214304,4989.499464,8265.283159999999,4.809237467,4.151131288,11852.19079,306.00000009177916,111.00000003484179,98560.83265655123,163269.5215761568,95.0000000221672,82.00000003285741,155,8642,4523,flexdps,DAL,15.972757731982096,5.577186191452181,4951.612775215301,8654.83787008104,4.894265433315179,3.718124127634787,15814.42630249262,421.00000000000017,147.00000000000006,130511.52552020554,228118.8260940314,129.00000000000003,98.0
148,,,,,,,Apply,,,,,,,,,,,,,,,9,6981,4407,flexdps,FLA,12.750649274433473,6.4540323487873135,5008.681171845823,7427.370104336916,4.879878117375773,2.9908930396819247,3811.5706074237823,81.0,41.0,31818.23656094074,47183.24263358117,30.999999999999996,19.0
149,,,,,,,Bani,,,,,,,,,,,,,,,14,4624,4525,maindps,HOU,14.522001182233842,5.350210961875625,6364.565789283623,7591.461944926478,4.2037371843308495,3.057263406786072,1570.0315482616425,38.0,13.999999999999998,16654.28180027008,19864.724584937096,11.000000000000002,7.999999999999999
150,,,,,,,Decay,,,,,,,,,,,,,,,39,8180,4406,maindps,GLA,19.403150465849297,5.111073781248106,11282.265527422272,1.284938991633694,4.543176694442762,6.720115527196585,6339.176734030247,205.0,53.99999999999999,119200.45856431127,13.575758934020998,48.0,71.0
151,,,,,,,Mcgravy,,,,,,,,,,,,,,,95,9285,4407,offtank,FLA,14.211788957320671,3.3752998773636587,6016.591817605977,0.0,3.3752998773636587,3.908241963263184,3377.4776802659035,80.0,19.0,33868.17429205775,0.0,19.0,22.0
152,,,,,,,Neko,,,,,,,,,,,,,,,101,4612,7695,flexsupport,TOR,14.853389958693125,3.784303174189331,7699.212832438834,10635.500692249714,5.108809285155597,4.068125912253532,6341.986594438554,157.00000000000003,40.00000000000001,81380.50761842729,112417.00469231607,54.00000000000001,43.00000000000002
153,,,,,,,RAPEL,,,,,,,,,,,,,,,114,8781,7696,flexsupport,VAN,13.199800213886876,6.2116706888879385,8931.229342131322,9457.573122288137,5.435211852776947,4.658753016665955,772.738968372345,17.000000000000004,7.999999999999997,11502.514913558958,12180.392163038254,6.999999999999999,6.0
154,,,,,,,Saebyeolbe,,,,,,,,,,,,,,,125,4099,4403,flexdps,NYE,9.59855118046018,5.906800726437035,3931.1366205016297,8532.988578475031,4.430100544827776,0.7383500908046293,812.6226399540901,13.0,8.0,5324.217697620391,11556.832842230795,6.000000000000001,1.0
155,,,,,,,Stratus,,,,,,,,,,,,,,,141,8783,7697,flexdps,WAS,6.857066232097287,6.171359608887558,2814.3200220166827,8350.62059230774,3.4285331160486434,0.6857066232097286,875.0097777843475,10.0,9.0,4104.262561798097,12178.124448060986,5.0,1.0
