,Unnamed: 0_prev,playerId_prev,teamId_prev,role_prev,name,team_prev,eliminations_avg_per_10m_prev,deaths_avg_per_10m_prev,hero_damage_avg_per_10m_prev,healing_avg_per_10m_prev,ultimates_earned_avg_per_10m_prev,final_blows_avg_per_10m_prev,time_played_total_prev,total_elims_prev,total_deaths_prev,total_hero_damage_prev,total_healing_prev,total_ultimates_prev,total_final_blows_prev,Unnamed: 0_curr,playerId_curr,teamId_curr,role_curr,team_curr,eliminations_avg_per_10m_curr,deaths_avg_per_10m_curr,hero_damage_avg_per_10m_curr,healing_avg_per_10m_curr,ultimates_earned_avg_per_10m_curr,final_blows_avg_per_10m_curr,time_played_total_curr,total_elims_curr,total_deaths_curr,total_hero_damage_curr,total_healing_curr,total_ultimates_curr,total_final_blows_curr
0,0.0,5197.0,7697.0,flexdps,Ado,WAS,9.120878018300383,5.030302422214152,4405.7663150046055,8807.732276629293,4.422243887660792,2.211121943830396,10854.21817958355,165.0,91.0,79701.91471886636,159335.07966315743,80.0,40.0,0,5197,7697,flexdps,WAS,9.120878018300383,5.030302422214152,4405.7663150046055,8807.732276629293,4.422243887660792,2.211121943830396,10854.21817958355,165.0,91.0,79701.91471886636,159335.07966315743,80.0,40.0
1,1.0,8675.0,7693.0,flexdps,Adora,HZS,14.18563433885192,4.298677072379371,4294.318757279122,8900.980565242058,4.728544779617307,2.794140097046591,2791.5565179586406,65.99999999999999,20.0,19979.722528457638,41412.650521874435,22.0,12.999999999999998,1,8675,7693,flexdps,HZS,14.18563433885192,4.298677072379371,4294.318757279122,8900.980565242058,4.728544779617307,2.794140097046591,2791.5565179586406,65.99999999999999,20.0,19979.722528457638,41412.650521874435,22.0,12.999999999999998
2,2.0,4142.0,4405.0,flexdps,Agilities,VAL,15.7749760945468,5.373892955285172,6235.477754340392,10183.339839297747,5.547244340939535,3.224335773171105,17305.889933764938,455.0,155.0,179850.81950175765,293719.5973616839,160.00000000000006,93.0,2,4142,4405,flexdps,VAL,16.150559822420885,5.354884196440968,6156.8223362230065,10169.465795736907,5.498062918270938,3.5508323013833154,20952.834064006805,564.0,187.00000000000003,215004.7946207523,355131.88222944725,192.0,124.0
3,3.0,8751.0,7695.0,flexsupport,Aid,TOR,16.253043547234082,4.9206462115479335,7053.5185582533095,10708.95709470882,4.721832223202561,3.181023813525936,12071.585203707216,327.0,99.0,141911.91710314155,215456.81335270405,95.0,63.99999999999999,3,8751,7695,flexsupport,TOR,16.253043547234082,4.9206462115479335,7053.5185582533095,10708.95709470882,4.721832223202561,3.181023813525936,12071.585203707216,327.0,99.0,141911.91710314155,215456.81335270405,95.0,63.99999999999999
4,4.0,5863.0,4402.0,flexsupport,AimGod,BOS,13.835938030898076,4.788093113317951,7463.632783952406,10094.318822524812,4.788093113317951,3.5332825043104874,18170.072707653046,419.0,145.00000000000003,226024.5839127302,305690.84489917755,145.00000000000003,107.0,4,5863,4402,flexsupport,BOS,13.835938030898076,4.788093113317951,7463.632783952406,10094.318822524812,4.788093113317951,3.5332825043104874,18170.072707653046,419.0,145.00000000000003,226024.5839127302,305690.84489917755,145.00000000000003,107.0
5,5.0,3985.0,4523.0,maindps,aKm,DAL,21.298906829976026,4.382071740138608,10230.809501594047,24.435148649034012,4.840660643176371,6.929787868126169,11775.25222313404,418.0,85.99999999999999,200783.93721351027,479.55006408691423,95.0,135.99999999999997,5,3985,4523,maindps,DAL,21.946288102541228,4.476408945103173,10386.12685537972,18.997010588526205,4.9121655680778185,6.932491729142082,15146.069278180601,554.0000000000001,113.0,262181.6614725889,479.5500640869139,124.0,175.0
6,6.0,8672.0,4402.0,mainsupport,alemao,BOS,13.045985441951409,4.711050298482453,4793.268094141436,4990.147961771174,3.261496360487852,1.8119424224932512,1655.6817494630814,36.0,13.0,13226.877506256109,13770.161512374878,9.0,5.0,6,8672,4402,mainsupport,BOS,13.045985441951409,4.711050298482453,4793.268094141436,4990.147961771174,3.261496360487852,1.8119424224932512,1655.6817494630814,36.0,13.0,13226.877506256109,13770.161512374878,9.0,5.0
7,7.0,8812.0,7692.0,maintank,ameng,CDH,15.506285260322981,6.76023335599912,7061.023625549406,0.0,4.520906056824411,4.436403139874422,14200.693222343922,367.0,160.00000000000003,167119.05057024962,0.0,107.0,105.0,7,8812,7692,maintank,CDH,15.66247576904104,6.410526586886268,7212.749221163092,0.0,4.677951833673763,4.3314368830312615,17315.270203709602,451.99999999999983,185.0,208151.1694600582,0.0,135.0,125.0
8,8.0,4841.0,4403.0,mainsupport,Anamo,NYE,19.682712046309486,1.7701796701177697,5085.026362092307,6046.436172944787,3.456065070229931,2.1073567501402017,14235.843075931072,467.00000000000006,42.0,120649.39554619788,143460.19421112534,82.0,50.0,8,4841,4403,mainsupport,NYE,19.06873482811984,1.8271435810916223,5164.348214370417,6250.91697723055,3.488183200265824,2.0929099201594945,18060.977988541126,574.0,55.0,155455.29904150966,188162.78988993168,105.0,62.99999999999999
9,9.0,6981.0,4407.0,flexdps,Apply,FLA,12.750649274433473,6.4540323487873135,5008.681171845823,7427.370104336916,4.879878117375773,2.9908930396819247,3811.5706074237823,81.0,41.0,31818.23656094074,47183.24263358117,30.999999999999996,19.0,9,6981,4407,flexdps,FLA,12.750649274433473,6.4540323487873135,5008.681171845823,7427.370104336916,4.879878117375773,2.9908930396819247,3811.5706074237823,81.0,41.0,31818.23656094074,47183.24263358117,30.999999999999996,19.0
10,10.0,5715.0,4404.0,flexdps,Architect,SFS,15.222207120647465,4.4487436303300685,5243.971435991112,8473.734890062495,4.8239388762615185,3.7519524593145164,11194.171689391133,284.0,82.99999999999999,97836.52764791249,158094.07201623914,89.99999999999996,70.0,10,5715,4404,flexdps,SFS,15.222207120647465,4.4487436303300685,5243.971435991112,8473.734890062495,4.8239388762615185,3.7519524593145164,11194.171689391133,284.0,82.99999999999999,97836.52764791249,158094.07201623914,89.99999999999996,70.0
11,11.0,4652.0,4403.0,mainsupport,ArK,NYE,10.032708095530491,2.7676436125601356,3005.7645935554997,5154.747516908129,2.421688160990119,1.037866354710051,1734.3273455500605,29.0,8.000000000000002,8688.299548149109,14900.032629966736,7.000000000000003,3.0000000000000013,11,4652,4403,mainsupport,NYE,10.032708095530491,2.7676436125601356,3005.7645935554997,5154.747516908129,2.421688160990119,1.037866354710051,1734.3273455500605,29.0,8.000000000000002,8688.299548149109,14900.032629966736,7.000000000000003,3.0000000000000013
12,12.0,5878.0,4402.0,maintank,Axxiom,BOS,13.589014561645525,6.323051673581997,7227.732158597082,0.0,3.7716448579261033,3.3833872990219462,10817.5614451766,245.00000000000003,113.99999999999996,130310.72789150472,0.0,67.99999999999997,60.99999999999999,12,5878,4402,maintank,BOS,13.589014561645525,6.323051673581997,7227.732158597082,0.0,3.7716448579261033,3.3833872990219462,10817.5614451766,245.00000000000003,113.99999999999996,130310.72789150472,0.0,67.99999999999997,60.99999999999999
13,13.0,8896.0,7692.0,maindps,Baconjack,CDH,12.635561209714773,6.1500519162328535,6344.04198785097,38.61282089478668,4.025488526988777,5.367318035985036,5365.808362185955,113.0,55.0,56734.855914115906,345.31499540805817,36.00000000000001,48.0,13,8896,7692,maindps,CDH,14.551813971623124,5.8532436086975705,6800.095278312441,34.20805244949487,4.308637656402378,6.259718859301567,7380.523157417773,178.99999999999991,71.99999999999999,83647.10112372036,420.78887212276453,52.99999999999999,76.99999999999999
14,14.0,4624.0,4525.0,maindps,Bani,HOU,14.522001182233842,5.350210961875625,6364.565789283623,7591.461944926478,4.2037371843308495,3.057263406786072,1570.0315482616425,38.0,13.999999999999998,16654.28180027008,19864.724584937096,11.000000000000002,7.999999999999999,14,4624,4525,maindps,HOU,14.522001182233842,5.350210961875625,6364.565789283623,7591.461944926478,4.2037371843308495,3.057263406786072,1570.0315482616425,38.0,13.999999999999998,16654.28180027008,19864.724584937096,11.000000000000002,7.999999999999999
15,15.0,8676.0,7693.0,flexdps,Bazzi,HZS,16.5036620037162,5.774418985498898,5503.679276534318,7775.017480048084,4.731298136505548,4.023466131831491,16105.516456902029,443.0,155.00000000000003,147732.6619362235,208701.11996269226,127.0,108.00000000000004,15,8676,7693,flexdps,HZS,16.5036620037162,5.774418985498898,5503.679276534318,7775.017480048084,4.731298136505548,4.023466131831491,16105.516456902029,443.0,155.00000000000003,147732.6619362235,208701.11996269226,127.0,108.00000000000004
16,16.0,4655.0,4410.0,flexsupport,Bdosin,LDN,15.702300680781779,3.791531139993649,8042.42487460623,8114.89603012805,4.442602143830942,4.251110672114091,15666.494038105013,410.0,99.0,209994.33558321,211886.61712640518,116.0,111.0,16,4655,4410,flexsupport,LDN,15.702300680781779,3.791531139993649,8042.42487460623,8114.89603012805,4.442602143830942,4.251110672114091,15666.494038105013,410.0,99.0,209994.33558321,211886.61712640518,116.0,111.0
17,17.0,8731.0,7693.0,flexsupport,BEBE,HZS,15.341650317994885,4.319885747435402,7998.525272810022,10387.411387359409,5.167713791324592,2.9472117716148065,14861.50415855646,380.00000000000006,107.0,198116.86100697514,257287.59588313094,128.0,73.0,17,8731,7693,flexsupport,HZS,15.341650317994885,4.319885747435402,7998.525272810022,10387.411387359409,5.167713791324592,2.9472117716148065,14861.50415855646,380.00000000000006,107.0,198116.86100697514,257287.59588313094,128.0,73.0
18,18.0,8708.0,7694.0,maintank,BenBest,PAR,15.532613889295778,7.042329178621392,7614.661442746811,0.0,4.73876355944617,4.343866596158988,9116.30206024647,236.00000000000009,107.00000000000004,115695.92299765351,0.0,72.00000000000001,66.0,18,8708,7694,maintank,PAR,14.295499713860785,7.194774527041777,7348.0684503969105,0.0,4.608417670915649,4.232220310024575,12759.260162353516,303.99999999999994,153.0,156259.8617489934,0.0,98.0,90.0
19,19.0,4643.0,4406.0,mainsupport,BigG00se,GLA,13.518647044449727,5.010642810007488,4803.898927641626,4876.960863967425,3.362847523494957,2.5557641178561674,17842.02214962244,402.0,149.0,142852.11845254898,145024.73959624767,100.0,76.0,19,4643,4406,mainsupport,GLA,14.195697308875205,4.8587335119036785,4816.953090633448,4848.459193531321,3.3367206045603566,2.7220615458255546,20499.169126272198,484.99999999999983,165.99999999999997,164572.56013035768,165648.97501671306,113.99999999999994,92.99999999999996
20,20.0,4656.0,4410.0,maindps,BIRDRING,LDN,17.051886520350234,4.939167130032484,9647.421402473788,12.965313492032564,4.351171043123855,6.8207546081400965,5102.074770212174,145.0,42.000000000000014,82036.44222527744,110.24999809265141,37.000000000000014,58.00000000000002,20,4656,4410,maindps,LDN,17.051886520350234,4.939167130032484,9647.421402473788,12.965313492032564,4.351171043123855,6.8207546081400965,5102.074770212174,145.0,42.000000000000014,82036.44222527744,110.24999809265141,37.000000000000014,58.00000000000002
21,21.0,8184.0,4402.0,flexdps,blase,BOS,14.696070457806261,6.2086769574552285,4833.68254815024,8706.787593344667,4.821632105257784,3.1043384787276147,18168.12193208933,445.00000000000006,188.0,146364.88985967642,263643.2977211476,146.0,94.0,21,8184,4402,flexdps,BOS,14.696070457806261,6.2086769574552285,4833.68254815024,8706.787593344667,4.821632105257784,3.1043384787276147,18168.12193208933,445.00000000000006,188.0,146364.88985967642,263643.2977211476,146.0,94.0
22,22.0,4625.0,4525.0,mainsupport,Boink,HOU,12.00069316790435,4.8138373724362085,3867.820518402989,5888.126498675203,3.288325529058537,2.2713176334734224,17698.977636396885,354.0,142.0,114094.11476135252,173689.69870054722,97.0,67.00000000000001,22,4625,4525,mainsupport,HOU,12.00069316790435,4.8138373724362085,3867.820518402989,5888.126498675203,3.288325529058537,2.2713176334734224,17698.977636396885,354.0,142.0,114094.11476135252,173689.69870054722,97.0,67.00000000000001
23,23.0,4079.0,4524.0,flexsupport,Boombox,PHI,18.758929982708125,4.9639014723473815,7757.887560965309,8423.327376514284,5.194780610596096,4.675302549536486,10395.049194157124,325.0,86.00000000000001,134406.0380649567,145934.83742892742,90.0,80.99999999999999,23,4079,4524,flexsupport,PHI,17.346763705993162,4.870766163751775,7910.898601085082,8965.245091198592,5.127122277633447,4.528958011909545,14042.965254426004,406.00000000000017,114.00000000000004,185154.12364387515,209831.04218852523,120.00000000000004,106.0
24,24.0,8704.0,4407.0,maindps,bqb,FLA,19.03304466959879,4.848722406323646,9268.424692726941,57.36636059745719,4.486877450627851,5.21056736201944,16581.687558591366,526.0,134.0,256143.5373585522,1585.3851130008698,124.0,144.0,24,8704,4407,maindps,FLA,19.03304466959879,4.848722406323646,9268.424692726941,57.36636059745719,4.486877450627851,5.21056736201944,16581.687558591366,526.0,134.0,256143.5373585522,1585.3851130008698,124.0,144.0
25,25.0,8771.0,7696.0,maintank,BUMPER,VAN,16.895064769531796,6.139333395125639,8758.002685841031,0.0,5.139907028477278,5.6158243459288775,12607.23192870617,355.0,129.0,184023.61848771575,0.0,108.0,117.99999999999996,25,8771,7696,maintank,VAN,17.538256442514818,6.1291590935946525,8939.206726730728,0.0,5.2060929650412415,5.686087351889015,16250.190030813215,474.99999999999983,165.99999999999997,242106.3467234969,0.0,140.99999999999997,153.99999999999994
26,26.0,4620.0,4524.0,maindps,carpe,PHI,20.766946083374048,4.759091810773222,10045.04692864237,8.802051287676349,4.362500826542119,7.751551055426079,16641.830657839775,575.9999999999998,132.00000000000003,278613.2832275332,244.13707828521726,121.0,215.0,26,4620,4524,maindps,PHI,20.4359251859392,4.584035316672323,10027.156792892456,7.220212832055687,4.46573763108078,7.393605349471486,20287.801811158653,691.0000000000001,154.99999999999997,339048.2829060256,244.13707828521726,151.00000000000003,249.99999999999997
27,27.0,8721.0,7699.0,mainsupport,Chara,GZC,13.531338020576902,3.916046145489956,5100.923306315621,5082.0247071728945,3.041928702300234,2.4125641432036335,17160.16550964117,387.0,112.0,145887.8136472702,145347.30849862096,87.0,68.99999999999999,27,8721,7699,mainsupport,GZC,13.531338020576902,3.916046145489956,5100.923306315621,5082.0247071728945,3.041928702300234,2.4125641432036335,17160.16550964117,387.0,112.0,145887.8136472702,145347.30849862096,87.0,68.99999999999999
28,28.0,5831.0,4404.0,offtank,Choihyobin,SFS,20.122903361594503,3.0364483333352315,7047.340992420295,14.928273393200133,3.2937744632788952,6.072896666670463,11658.357434034348,391.0,59.0,136934.0337485969,290.06524515151983,64.0,118.0,28,5831,4404,offtank,SFS,18.32919819678184,3.4875852805715986,6817.765902053867,11.240303104398135,3.3325814903239714,5.580136448914557,15483.492346644402,473.0,90.00000000000001,175938.04360944033,290.0652451515197,86.0,144.0
29,29.0,4663.0,4523.0,mainsupport,Closer,DAL,13.394482632672824,3.4529686106890285,3972.042856318416,5161.580097611268,2.921742670583024,1.7454566603483002,15812.480840682983,352.99999999999994,91.0,104679.75260651107,136028.97733521461,77.0,46.0,29,4663,4523,mainsupport,DAL,14.292236493215167,3.3150482894547224,4133.009861406764,5139.760466313383,2.971033844322628,2.1579087921922246,19185.240891456604,457.0,106.0,132154.64966309073,164345.90445101267,94.99999999999996,69.0
30,30.0,5306.0,4402.0,maindps,ColourHex,BOS,16.786894520885294,5.088710185773592,9530.529032559829,18.26901433648566,4.32832820399133,4.152855438964656,10258.002144813538,286.99999999999994,86.99999999999999,162940.31209534404,312.3393137454986,73.99999999999999,71.00000000000001,30,5306,4402,maindps,BOS,16.786894520885294,5.088710185773592,9530.529032559829,18.26901433648566,4.32832820399133,4.152855438964656,10258.002144813538,286.99999999999994,86.99999999999999,162940.31209534404,312.3393137454986,73.99999999999999,71.00000000000001
31,31.0,8892.0,4408.0,mainsupport,CoMa,SHD,13.278311893859149,3.847692651061458,3812.280221877236,5456.198225728403,2.904630726781689,2.3765160491850184,15905.636325478557,352.00000000000006,102.0,101061.23796665668,144640.5078302622,77.00000000000001,63.00000000000002,31,8892,4408,mainsupport,SHD,13.321952691745857,3.797379038301389,3901.2981796323534,5261.185319550487,2.86359730757154,2.3967064422066144,19276.453380525112,428.00000000000006,122.0,125338.65413868426,169028.32256436348,92.00000000000004,77.00000000000001
32,32.0,4138.0,4525.0,offtank,coolmatt,HOU,18.949333181435005,4.700609781441242,8567.228595815897,1.5390814120111072,4.259927614431127,4.774056809276262,8169.152894079685,257.99999999999994,64.0,116645.00046291947,20.95498561859131,58.00000000000002,65.00000000000001,32,4138,4525,offtank,HOU,18.949333181435005,4.700609781441242,8567.228595815897,1.5390814120111072,4.259927614431127,4.774056809276262,8169.152894079685,257.99999999999994,64.0,116645.00046291947,20.95498561859131,58.00000000000002,65.00000000000001
33,33.0,8784.0,7697.0,maindps,Corey,WAS,11.715298975178428,5.729753210567615,9762.398290184448,0.0,4.4507904403516285,3.8368883106479563,11728.253823578358,229.00000000000003,112.0,190826.4751235843,0.0,86.99999999999999,74.99999999999999,33,8784,7697,maindps,WAS,11.715298975178428,5.729753210567615,9762.398290184448,0.0,4.4507904403516285,3.8368883106479563,11728.253823578358,229.00000000000003,112.0,190826.4751235843,0.0,86.99999999999999,74.99999999999999
34,34.0,3577.0,4405.0,mainsupport,Custa,VAL,14.447980160614295,4.514993800191967,4927.26492850935,5851.685290804381,3.4991201951487745,1.918872365081585,5315.621917128563,128.0,39.99999999999999,43652.462409138665,51842.24430656434,31.0,16.999999999999996,34,3577,4405,mainsupport,VAL,14.447980160614295,4.514993800191967,4927.26492850935,5851.685290804381,3.4991201951487745,1.918872365081585,5315.621917128563,128.0,39.99999999999999,43652.462409138665,51842.24430656434,31.0,16.999999999999996
35,35.0,8701.0,7698.0,offtank,Daco,ATL,23.387346700507887,2.824558780254576,7282.004320406355,0.4369592239106768,2.203155848598569,6.1575381409549745,10621.127876579762,414.00000000000006,50.00000000000001,128905.16514140368,7.734999656677246,39.0,109.00000000000004,35,8701,7698,offtank,ATL,21.100590503555445,3.2983792435964614,7293.643939660016,0.34949263447684903,2.3043471427865687,5.60272638638303,13279.24922066927,467.0,73.00000000000001,161423.5260026157,7.734999656677246,51.0,124.0
36,36.0,8711.0,7698.0,maindps,dafran,ATL,22.83264605811468,5.315292098548965,10856.996795528055,35.29479832571487,4.991752579506853,8.504467357678344,12981.41263371706,493.99999999999983,115.0,234898.59227615586,763.6272348165512,107.99999999999996,184.0,36,8711,7698,maindps,ATL,21.833532837316017,5.458383209329004,10942.336185129041,30.648309387566176,5.0570315027606965,8.067169302023014,14949.48171842098,543.9999999999999,135.99999999999997,272637.0912606716,763.6272348165511,126.0,201.0
37,37.0,4489.0,4525.0,maindps,Danteh,HOU,18.560664020005415,4.165920581644501,9435.210657271282,451.0207356522725,4.984226410181813,5.281792166013566,16130.888403415682,499.0,112.0,253663.8836252689,12125.608590722086,133.99999999999997,142.00000000000003,37,4489,4525,maindps,HOU,18.560664020005415,4.165920581644501,9435.210657271282,451.0207356522725,4.984226410181813,5.281792166013566,16130.888403415682,499.0,112.0,253663.8836252689,12125.608590722086,133.99999999999997,142.00000000000003
38,38.0,8895.0,4408.0,maindps,DDing,SHD,18.76134657703291,3.1470645871151985,7687.262318216482,1059.2116560371949,4.59955593501452,5.4871895365085495,14871.000802338125,465.0,78.00000000000003,190528.80683663487,26252.5623112917,114.0,136.0,38,8895,4408,maindps,SHD,18.96725842065952,3.023244226442884,7520.705057838549,949.1432288462747,4.642839347751572,5.398650404362294,16670.833126604557,526.9999999999999,84.0,208960.69835606217,26371.68063557148,129.0,150.00000000000003
39,39.0,8180.0,4406.0,maindps,Decay,GLA,19.403150465849297,5.111073781248106,11282.265527422272,1.284938991633694,4.543176694442762,6.720115527196585,6339.176734030247,205.0,53.99999999999999,119200.45856431127,13.575758934020998,48.0,71.0,39,8180,4406,maindps,GLA,22.473413489736856,4.601381397008437,11887.069005163532,0.905322385641671,4.801441457747934,7.5355956211877295,8997.298078119755,336.99999999999994,69.0,178252.50519105792,13.575758934020994,72.0,113.0
40,40.0,8893.0,4408.0,maindps,diem,SHD,19.83959180240095,4.601578326792615,9980.372501096588,28.695034793725124,4.790167602480837,7.619006737804166,15907.585354745388,526.0,122.0,264606.0457222461,760.7811920642853,127.0,202.0,40,8893,4408,maindps,SHD,19.638556761721095,4.917419918148865,9941.744434237213,23.67772523550604,4.730682452902705,7.407252788097657,19278.402409791943,630.9999999999998,157.99999999999997,319434.91643089056,760.7811920642853,151.99999999999997,237.99999999999997
41,41.0,9251.0,7698.0,flexsupport,Dogman,ATL,19.367569316361912,5.2999091710314685,7067.6838814297935,7799.8803812059095,4.449306464569628,6.019649922653026,9169.968471467497,296.00000000000006,81.0,108017.39726501703,119207.76196146011,68.0,92.0,41,9251,7698,flexsupport,ATL,17.654422336602785,5.848369009339002,7138.974933526107,8129.281413206059,4.536585306309696,5.356450120703013,10977.41949892044,322.99999999999994,107.0,130612.5377293229,148730.88716256618,83.00000000000001,98.0
42,42.0,4616.0,4523.0,maindps,EFFECT,DAL,13.172061822806649,6.146962183976438,9168.783911559944,8.554601401611384,4.6102216379823275,4.6102216379823275,5466.114642381668,120.0,56.0,83529.37331968546,77.9340533018112,42.00000000000001,42.00000000000001,42,4616,4523,maindps,DAL,13.172061822806649,6.146962183976438,9168.783911559944,8.554601401611384,4.6102216379823275,4.6102216379823275,5466.114642381668,120.0,56.0,83529.37331968546,77.9340533018112,42.00000000000001,42.00000000000001
43,43.0,8722.0,7699.0,flexdps,Eileen,GZC,17.232554390527934,3.657521748193685,6525.956246638824,3486.9623906109705,4.853250012026235,5.1345978388103655,8530.366228282452,245.0,52.00000000000002,92781.32795596123,49575.110360264785,69.0,73.00000000000001,43,8722,7699,flexdps,GZC,17.232554390527934,3.657521748193685,6525.956246638824,3486.9623906109705,4.853250012026235,5.1345978388103655,8530.366228282452,245.0,52.00000000000002,92781.32795596123,49575.110360264785,69.0,73.00000000000001
44,44.0,5175.0,4524.0,flexsupport,Elk,PHI,13.064766293642455,5.475674108364852,6413.144661552365,7953.259430291814,4.2268361538255,4.034707237742523,6245.806328713894,136.00000000000003,57.0,66758.76585680246,82790.86347270013,44.00000000000002,42.0,44,5175,4524,flexsupport,PHI,13.064766293642455,5.475674108364852,6413.144661552365,7953.259430291814,4.2268361538255,4.034707237742523,6245.806328713894,136.00000000000003,57.0,66758.76585680246,82790.86347270013,44.00000000000002,42.0
45,45.0,8787.0,7692.0,offtank,Elsa,CDH,17.36653260919345,3.845144689626773,7253.234842681645,59.108277564609814,3.2958383053943767,5.9156072148104215,14199.725733935833,411.0,91.0,171656.57574984428,1398.8688833713534,78.0,140.00000000000003,45,8787,7692,offtank,CDH,17.257408797406292,3.8118774452102255,7320.151494399533,59.06462642692809,3.465343132009296,5.5792024425349656,17314.302715301514,498.0,110.0,211238.8648265004,1704.4380362033844,100.0,160.99999999999997
46,46.0,4634.0,7695.0,offtank,Envy,TOR,19.68113541320068,4.170836643857096,7607.034681746972,169.45497470863413,3.519143418254425,6.451762933466448,18413.571798145767,604.0,127.99999999999994,233454.4654722213,5200.45223891735,107.99999999999996,198.0,46,4634,7695,offtank,TOR,19.008529214294164,4.236505044828025,7579.128471621248,149.9169993576418,3.511839708212705,6.326885823526063,21527.178425371647,681.9999999999999,152.0,271928.7515290081,5378.816656947136,126.0,227.0
47,47.0,4083.0,4524.0,flexdps,eqo,PHI,18.678016452107567,5.012054607804926,5666.041184355289,8426.927377840555,4.3630115650675965,3.7500264691490095,16639.88254839182,518.0,139.0,157137.0997033715,233705.13635182378,120.99999999999996,104.0,47,4083,4524,flexdps,PHI,18.631888421774594,4.9980780052062,5549.101845025271,8757.705928445728,4.4953127620789495,3.903824240752772,20287.79860866069,629.9999999999998,168.99999999999994,187631.76781803364,296124.29025030124,151.99999999999994,131.99999999999997
48,48.0,8692.0,7698.0,flexdps,Erster,ATL,23.976253852363435,3.9699243851407866,6644.298608554791,6340.036513014145,4.857933787080173,6.111594119229896,11486.364871501924,459.00000000000006,76.00000000000001,127198.06355512145,121373.28781187539,93.0,117.00000000000004,48,8692,7698,flexdps,ATL,22.52622993642386,4.284650138566496,6658.547146408156,6475.469524344653,4.836139760362183,5.811852168154553,14143.511848151684,531.0,101.0,156958.73409450054,152643.13323318958,113.99999999999996,136.99999999999997
49,49.0,8684.0,7697.0,mainsupport,Fahzix,WAS,7.987830837161739,4.4312054279145405,4447.137785237972,7065.5761734725575,3.265098736358083,1.1661066915564582,10290.653579890728,137.0,75.99999999999999,76273.25728321077,121182.32790589335,56.0,20.0,49,8684,7697,mainsupport,WAS,7.987830837161739,4.4312054279145405,4447.137785237972,7065.5761734725575,3.265098736358083,1.1661066915564582,10290.653579890728,137.0,75.99999999999999,76273.25728321077,121182.32790589335,56.0,20.0
50,50.0,4636.0,4405.0,maintank,Fate,VAL,14.14706460293165,6.553419632240398,8094.640522358451,0.0,4.7156882009772145,3.8835079302165316,17303.943034887314,408.0,189.00000000000003,233448.66414463523,0.0,135.99999999999997,112.0,50,4636,4405,maintank,VAL,14.576272139526017,6.443342301362188,8217.800797317026,0.0,4.6678435338757165,3.951916611502142,20951.8590951562,509.00000000000017,225.00000000000009,286963.6739624143,0.0,163.0,138.00000000000003
51,51.0,5864.0,7694.0,offtank,Finnsi,PAR,21.390250310574967,3.75152082370084,6870.787576102819,0.0,4.080601597709686,6.120902396564528,9116.30285614729,325.00000000000006,56.99999999999999,104393.63400667906,0.0,62.00000000000001,93.0,51,5864,7694,offtank,PAR,19.891434216321866,4.608417383450455,6806.220119691082,0.0,4.044121377313664,5.831058730080168,12759.260958254335,423.00000000000006,98.0,144737.2310774326,0.0,85.99999999999996,124.0
52,52.0,4657.0,4409.0,maintank,Fissure,SEO,15.99476412196154,5.701482904718348,8093.900123181617,0.0,4.4387383687740165,5.012713157839621,15680.13120341301,418.0,149.0,211522.35979801413,0.0,116.00000000000004,131.0,52,4657,4409,maintank,SEO,15.99476412196154,5.701482904718348,8093.900123181617,0.0,4.4387383687740165,5.012713157839621,15680.13120341301,418.0,149.0,211522.35979801413,0.0,116.00000000000004,131.0
53,53.0,4631.0,4409.0,maindps,Fleta,SEO,19.363291475423114,4.439015437053518,10457.456555339711,685.4067506941374,4.209411190309373,6.888127402324427,15679.152502834795,506.0,115.99999999999996,273273.426871568,17910.99495100975,110.0,179.99999999999997,53,4631,4409,maindps,SEO,19.363291475423114,4.439015437053518,10457.456555339711,685.4067506941374,4.209411190309373,6.888127402324427,15679.152502834795,506.0,115.99999999999996,273273.426871568,17910.99495100975,110.0,179.99999999999997
54,54.0,4659.0,4410.0,offtank,Fury,LDN,19.913873881126595,2.7190097029999767,7205.18919867045,17.869768897425423,3.3317442839577183,6.6634885679154365,15667.468914508818,519.9999999999999,70.99999999999997,188145.12965554,466.6234145164489,86.99999999999996,173.99999999999991,54,4659,4410,offtank,LDN,19.913873881126595,2.7190097029999767,7205.18919867045,17.869768897425423,3.3317442839577183,6.6634885679154365,15667.468914508818,519.9999999999999,70.99999999999997,188145.12965554,466.6234145164489,86.99999999999996,173.99999999999991
55,55.0,8203.0,4402.0,maintank,Fusions,BOS,14.3496842960801,6.840671417857362,8177.8022802411415,0.0,4.4818192048031,4.835647036761238,15261.659802496433,365.0,173.99999999999997,208011.39388853317,0.0,114.0,122.99999999999996,55,8203,4402,maintank,BOS,14.3496842960801,6.840671417857362,8177.8022802411415,0.0,4.4818192048031,4.835647036761238,15261.659802496433,365.0,173.99999999999997,208011.39388853317,0.0,114.0,122.99999999999996
56,56.0,4606.0,4408.0,maintank,Gamsu,SHD,16.981746564524087,6.527802300569147,7045.47847749885,0.0,4.162656539493369,5.912864402689445,12684.207668602468,359.00000000000006,138.0,148943.85355544093,0.0,88.00000000000001,125.0,56,4606,4408,maintank,SHD,16.480821708747953,6.988466348153898,7179.565367301291,0.0,4.2229769911304285,5.680464625237392,16055.024723649023,440.99999999999983,187.00000000000003,192113.49912846085,0.0,113.0,152.00000000000003
57,57.0,8712.0,7698.0,maintank,Gator,ATL,13.437371910236076,5.8788502107282845,6701.287101222071,0.0,4.1991787219487735,5.8788502107282845,714.4254147410393,15.999999999999998,7.000000000000001,7979.283027648925,0.0,4.999999999999999,7.000000000000001,57,8712,7698,maintank,ATL,13.437371910236076,5.8788502107282845,6701.287101222071,0.0,4.1991787219487735,5.8788502107282845,714.4254147410393,15.999999999999998,7.000000000000001,7979.283027648925,0.0,4.999999999999999,7.000000000000001
58,58.0,5210.0,4408.0,offtank,Geguri,SHD,16.858370183202798,5.438183930065417,6097.4714897964905,0.0,3.5892013938431746,4.241783465451025,5516.5475066304225,155.00000000000009,50.00000000000001,56061.651906311534,0.0,33.0,39.00000000000001,58,5210,4408,offtank,SHD,17.76894762492351,5.349790682772671,6544.531152408513,0.0,3.6302151061671695,5.063194753338419,6280.61955922842,186.0,56.0,68506.1839363277,0.0,38.0,52.99999999999999
59,59.0,4666.0,4410.0,maintank,Gesture,LDN,16.429967494501806,4.9787780286369125,7615.111666719976,0.0,4.5957951033571485,5.055374613692863,15666.494780719282,429.00000000000006,130.00000000000006,198836.84530210504,0.0,120.0,132.00000000000003,59,4666,4410,maintank,LDN,16.429967494501806,4.9787780286369125,7615.111666719976,0.0,4.5957951033571485,5.055374613692863,15666.494780719282,429.00000000000006,130.00000000000006,198836.84530210504,0.0,120.0,132.00000000000003
60,60.0,4413.0,7697.0,flexsupport,Gido,WAS,8.851892283350244,5.474869793748417,7706.7839370771,10251.828374476407,4.809698697311694,2.2001813189830086,11726.306271851065,173.00000000000003,107.0,150620.18136191374,200360.132275939,94.0,43.0,60,4413,7697,flexsupport,WAS,8.851892283350244,5.474869793748417,7706.7839370771,10251.828374476407,4.809698697311694,2.2001813189830086,11726.306271851065,173.00000000000003,107.0,150620.18136191374,200360.132275939,94.0,43.0
61,61.0,8713.0,7693.0,maindps,GodsB,HZS,18.70130934153665,4.4133820008040665,10686.345440275214,71.93749244596728,4.4133820008040665,6.064431382399831,18897.07258170843,588.9999999999999,139.00000000000003,336567.7423634827,2265.6800268292427,139.00000000000003,191.0,61,8713,7693,maindps,HZS,18.70130934153665,4.4133820008040665,10686.345440275214,71.93749244596728,4.4133820008040665,6.064431382399831,18897.07258170843,588.9999999999999,139.00000000000003,336567.7423634827,2265.6800268292427,139.00000000000003,191.0
62,62.0,8789.0,4410.0,flexdps,Guard,LDN,18.002167964805434,3.861663790557632,6016.5871087068135,7458.365849233483,5.111025605149808,3.520928750214312,10565.394144296646,317.0,67.99999999999999,105946.02367830275,131334.2914491892,90.00000000000001,62.0,62,8789,4410,flexdps,LDN,18.002167964805434,3.861663790557632,6016.5871087068135,7458.365849233483,5.111025605149808,3.520928750214312,10565.394144296646,317.0,67.99999999999999,105946.02367830275,131334.2914491892,90.00000000000001,62.0
63,63.0,8741.0,7693.0,maintank,Guxue,HZS,15.605346520657873,5.489317871588197,8565.314500277622,0.0,4.705129604218453,4.548291950744505,7651.223882913589,199.0,70.0,109225.23144865037,0.0,59.99999999999999,57.99999999999999,64,8741,7693,maintank,HZS,15.605346520657873,5.489317871588197,8565.314500277622,0.0,4.705129604218453,4.548291950744505,7651.223882913589,199.0,70.0,109225.23144865037,0.0,59.99999999999999,57.99999999999999
64,64.0,4664.0,4407.0,flexsupport,HaGoPeun,FLA,12.883194060435624,5.247368367312264,5192.744955984136,9178.702956766678,4.2340834412105846,3.184609767748132,16579.739387452602,355.99999999999983,145.0,143490.59679287672,253634.17156338692,116.99999999999996,87.99999999999999,65,4664,4407,flexsupport,FLA,12.883194060435624,5.247368367312264,5192.744955984136,9178.702956766678,4.2340834412105846,3.184609767748132,16579.739387452602,355.99999999999983,145.0,143490.59679287672,253634.17156338692,116.99999999999996,87.99999999999999
65,65.0,8750.0,7696.0,flexdps,Haksal,VAN,18.99056824817345,3.998014368036515,5728.500626250107,9515.24840537428,5.14030418747552,4.807136323472476,12606.2578471303,399.00000000000017,84.0,120358.25995326044,199919.458129406,108.0,101.0,66,8750,7696,flexdps,VAN,20.567146196102193,3.9878847202496166,5771.549206860945,9528.530139343353,5.169480192916169,5.095630475874511,16249.215949237348,557.0000000000001,108.0,156305.24903988838,258051.906521678,139.99999999999997,138.0
66,66.0,8723.0,7699.0,maindps,Happy,GZC,17.166693472478766,4.090637752097791,9686.055702605694,1071.6317163730484,4.51019034205654,5.768848111932782,17161.13825136423,491.0,117.0,277039.56837138534,30650.70006537437,129.00000000000003,165.0,67,8723,7699,maindps,GZC,17.166693472478766,4.090637752097791,9686.055702605694,1071.6317163730484,4.51019034205654,5.768848111932782,17161.13825136423,491.0,117.0,277039.56837138534,30650.70006537437,129.00000000000003,165.0
67,67.0,4671.0,7699.0,offtank,HOTBA,GZC,17.693144115788122,3.2169352937796587,6561.04267536656,5.7028061166679045,2.9721684779485966,5.4548033242350735,17159.18878030777,506.0,92.0,187636.9497704506,163.09254455566406,84.99999999999999,156.0,68,4671,7699,offtank,GZC,17.693144115788122,3.2169352937796587,6561.04267536656,5.7028061166679045,2.9721684779485966,5.4548033242350735,17159.18878030777,506.0,92.0,187636.9497704506,163.09254455566406,84.99999999999999,156.0
68,68.0,4645.0,4406.0,flexdps,Hydration,GLA,15.26732171898997,5.649581605265013,5366.840427338093,9203.882744214157,5.111526214287391,3.0601900361852143,17842.029205501083,454.00000000000006,168.00000000000009,159592.20607638362,273693.2412104608,152.00000000000003,91.0,69,4645,4406,flexdps,GLA,16.273051224331738,5.3853263044551065,5443.89912695784,9388.594718876391,5.151181682522275,3.0438800851267995,20500.150549590588,556.0000000000001,184.0,186001.25279903415,320779.34197676193,176.0,104.0
69,69.0,8782.0,7697.0,mainsupport,Hyeonu,WAS,6.677800953041069,6.260438393476001,3572.634840339715,7475.306214478678,3.756263036085601,0.8347251191301336,1437.599004149437,16.0,15.0,8560.027147769928,17910.821282744408,9.0,2.0,70,8782,7697,mainsupport,WAS,6.677800953041069,6.260438393476001,3572.634840339715,7475.306214478678,3.756263036085601,0.8347251191301336,1437.599004149437,16.0,15.0,8560.027147769928,17910.821282744408,9.0,2.0
70,70.0,8742.0,7694.0,mainsupport,HyP,PAR,17.179847776156144,5.52914641071692,6949.2632960332885,9931.78597204728,4.541798837374612,4.67344518048692,9115.331057667732,261.00000000000006,84.0,105574.72591707113,150885.86188185212,69.0,71.0,71,8742,7694,mainsupport,PAR,15.425265686913939,6.207728874001952,6932.703388086194,10173.799470350259,4.702824904546934,4.091457666955832,12758.28915977478,327.99999999999994,132.0,147415.7241402566,216333.79249382025,100.0,87.00000000000001
71,71.0,8717.0,7693.0,mainsupport,iDK,HZS,12.921970692478702,3.7146697076658683,4492.2694265029995,5487.169912911317,3.111432746591923,2.0637053931477043,18898.046266436577,407.0,117.0,141491.859105587,172827.9848099947,98.0,65.0,72,8717,7693,mainsupport,HZS,12.921970692478702,3.7146697076658683,4492.2694265029995,5487.169912911317,3.111432746591923,2.0637053931477043,18898.046266436577,407.0,117.0,141491.859105587,172827.9848099947,98.0,65.0
72,72.0,8754.0,7695.0,maindps,ivy,TOR,20.98341413958165,5.08293882884276,11699.440239610232,21.187433282501946,5.148104711263821,6.744668830579816,18414.543859720237,644.0000000000001,156.00000000000003,359066.4257107974,650.2615324258805,158.00000000000003,207.00000000000003,73,8754,7695,maindps,TOR,20.512677123274962,5.1281692808187405,11539.26202540636,18.123104429807167,5.044557825153215,6.800398394129197,21528.150486946102,736.0000000000001,184.00000000000003,414031.61565208435,650.2615324258803,180.99999999999997,243.99999999999997
73,73.0,5872.0,4405.0,flexsupport,IZaYaKI,VAL,14.111597045141387,5.027473148760446,8297.759985294155,11129.314420330027,5.374195434881855,3.8139451473355113,17304.915894269943,406.99999999999983,145.0,239320.06442725656,320986.4166744947,154.99999999999997,110.0,74,5872,4405,flexsupport,VAL,14.289237877228508,4.9253485268202475,8314.485168107254,10945.61682929295,5.297613241056661,3.751282889613096,20952.831954538822,499.0,172.00000000000003,290353.3508597613,382236.11677157885,185.0,131.00000000000003
74,74.0,4140.0,4525.0,flexdps,Jake,HOU,15.135334774230564,5.621695773285638,5068.241752131653,5944.5955285622595,4.162217062913403,4.540600432269169,11099.853588044643,280.0,104.0,93761.23566246033,109973.56667864324,76.99999999999997,84.0,75,4140,4525,flexdps,HOU,15.135334774230564,5.621695773285638,5068.241752131653,5944.5955285622595,4.162217062913403,4.540600432269169,11099.853588044643,280.0,104.0,93761.23566246033,109973.56667864324,76.99999999999997,84.0
75,75.0,4648.0,7697.0,maintank,Janus,WAS,9.517065353491262,6.85638041595607,6116.715258213431,0.0,3.7351923161551728,3.1723551178304215,11726.303839981556,186.00000000000003,134.0,119544.1027007699,0.0,73.0,62.00000000000002,76,4648,7697,maintank,WAS,9.517065353491262,6.85638041595607,6116.715258213431,0.0,3.7351923161551728,3.1723551178304215,11726.303839981556,186.00000000000003,134.0,119544.1027007699,0.0,73.0,62.00000000000002
76,76.0,8179.0,4409.0,mainsupport,Jecse,SEO,13.544963141018519,4.1706242439859285,3804.18859461868,5447.06803370438,3.0610086194392125,2.104443425864459,15681.105794727802,353.99999999999994,109.0,99423.13969218732,142360.08351266384,79.99999999999999,54.99999999999999,77,8179,4409,mainsupport,SEO,13.544963141018519,4.1706242439859285,3804.18859461868,5447.06803370438,3.0610086194392125,2.104443425864459,15681.105794727802,353.99999999999994,109.0,99423.13969218732,142360.08351266384,79.99999999999999,54.99999999999999
77,77.0,8811.0,7692.0,flexdps,JinMu,CDH,16.142269761024746,6.592131106596493,8166.0029244795705,4989.972626062245,5.155384583363924,6.1273013490800725,14198.746730983257,382.0,156.0,193245.01221525672,118085.59585332873,122.0,144.99999999999997,78,8811,7692,flexdps,CDH,16.323603969531813,6.584893321042558,8345.598891187874,4856.377456697163,5.094627990490821,6.411606654699331,17312.35335820913,470.99999999999983,190.0,240803.2616502046,140125.53761863706,146.99999999999997,184.99999999999997
78,78.0,8748.0,7696.0,offtank,JJANU,VAN,21.035550492879228,2.807912848597,6939.6811997681725,0.09661190678599632,1.8560779846658133,5.758600926783678,12607.228895187378,442.00000000000017,59.0,145816.9155751765,2.030014038085937,39.0,121.0,79,8748,7696,offtank,VAN,23.33511608593396,2.5845856424293943,7037.508238502386,0.07495350195381474,2.215359122082338,6.461464106073485,16250.186997294426,632.0000000000001,70.00000000000001,190601.37478443977,2.030014038085938,60.0,175.0
79,79.0,4653.0,4403.0,flexsupport,JJONAK,NYE,18.638153371612827,3.0437306917351585,8631.163532879129,8723.821048500611,4.62196142078302,5.03530756410508,15967.247080028057,496.0,80.99999999999999,229693.20119601488,232159.01027226445,123.0,134.00000000000003,80,4653,4403,flexsupport,NYE,18.52045241795032,3.0614823145875327,8956.78431290057,9159.425978848196,4.758937855348936,5.2439251527093385,19794.33286654949,610.9999999999999,101.0,295489.2835057377,302174.5444864035,156.99999999999997,173.00000000000003
80,80.0,4635.0,4405.0,maindps,KariV,VAL,17.730133556625997,4.845980104414046,11008.211182586972,44.875841158457774,4.999820742649412,5.3844223382378305,15600.559302985668,461.00000000000017,126.0,286223.7522895634,1166.8137021064756,129.99999999999997,140.00000000000003,81,4635,4405,maindps,VAL,17.80061090895347,4.832039738857771,10946.265258330994,36.37477533175642,5.081435338282692,5.4555287374200665,19246.53045630455,571.0,154.99999999999997,351129.3794620931,1166.8137021064756,163.00000000000003,175.00000000000009
81,81.0,3981.0,4402.0,mainsupport,Kellex,BOS,12.317257754782547,4.614429896334465,4707.370377177274,5992.3119139433875,3.4154048051609425,2.034709245627796,16513.41589576006,339.0,127.0,129557.94135618205,164922.56468677527,94.0,56.00000000000001,82,3981,4402,mainsupport,BOS,12.317257754782547,4.614429896334465,4707.370377177274,5992.3119139433875,3.4154048051609425,2.034709245627796,16513.41589576006,339.0,127.0,129557.94135618205,164922.56468677527,94.0,56.00000000000001
82,82.0,8691.0,7698.0,flexsupport,Kodak,ATL,15.076763760149582,5.072556031452198,7578.62077846761,9958.510804350484,5.072556031452198,4.227130026210164,4258.208261489868,107.0,36.00000000000001,53785.57601594925,70675.68829870224,36.00000000000001,30.0,83,8691,7698,flexsupport,ATL,15.267538424959946,5.167474543832596,7866.836978223136,10207.394051980898,5.167474543832596,4.110491114412293,5108.878578126431,130.00000000000006,44.00000000000002,66984.52485942839,86913.89468443395,44.00000000000002,35.00000000000001
83,83.0,8706.0,4407.0,mainsupport,Kris,FLA,13.173476878106053,4.342904465309688,3661.1322223136253,5023.936520622548,2.714315290818554,2.4609791970088226,16578.76671594381,364.0,120.0,101161.76171660423,138817.78595185274,74.99999999999999,67.99999999999999,84,8706,4407,mainsupport,FLA,13.173476878106053,4.342904465309688,3661.1322223136253,5023.936520622548,2.714315290818554,2.4609791970088226,16578.76671594381,364.0,120.0,101161.76171660423,138817.78595185274,74.99999999999999,67.99999999999999
84,84.0,8744.0,7694.0,mainsupport,Kruise,PAR,14.808634234649107,5.528556780935668,5238.251211784571,5455.9606430051035,3.4882560641617903,3.0933591512378147,9116.303222894669,224.99999999999997,84.0,79589.14400720596,82896.98598968981,53.0,47.00000000000001,85,8744,7694,mainsupport,PAR,13.825251752963547,6.066181891606456,5221.613367817068,5550.918538054047,3.5738746028069035,3.0095786128900244,12759.261325001717,293.99999999999994,129.0,111039.88249683382,118042.70036804676,75.99999999999999,63.99999999999999
85,85.0,5865.0,4405.0,maindps,KSF,VAL,17.240058610351415,4.573893100705479,11256.029445349837,0.0,4.925731031528977,5.629406893175972,1705.3306293487549,48.99999999999999,13.000000000000002,31992.086296677582,0.0,14.000000000000002,15.999999999999998,86,5865,4405,maindps,VAL,17.240058610351415,4.573893100705479,11256.029445349837,0.0,4.925731031528977,5.629406893175972,1705.3306293487549,48.99999999999999,13.000000000000002,31992.086296677582,0.0,14.000000000000002,15.999999999999998
86,86.0,4647.0,4405.0,mainsupport,KuKi,VAL,11.058968809691232,4.303490125038217,3812.680605245477,6237.37928337222,3.0524755538061767,1.6513392340262925,11990.26801520586,221.0,86.00000000000001,76191.7705221176,124646.41553354266,60.99999999999999,33.0,87,4647,4405,mainsupport,VAL,11.549373271921482,4.2974412174591565,3819.656425032016,5855.942851454214,3.0312308587435113,1.7650205000278676,15637.212145447733,301.0,112.0,99547.96306824684,152617.70113301274,79.00000000000001,46.0
87,87.0,8674.0,7699.0,flexdps,Kyb,GZC,14.249720630769696,3.336519952570467,4344.453489013631,7812.709180443355,4.518204102439174,3.4755416172609035,8631.748171567917,204.99999999999997,48.0,62500.38076709211,112395.56363880633,65.00000000000001,50.00000000000001,88,8674,7699,flexdps,GZC,14.249720630769696,3.336519952570467,4344.453489013631,7812.709180443355,4.518204102439174,3.4755416172609035,8631.748171567917,204.99999999999997,48.0,62500.38076709211,112395.56363880633,65.00000000000001,50.00000000000001
88,88.0,8772.0,7692.0,flexsupport,Kyo,CDH,12.803941622198325,5.239896901493703,5546.798229378046,8450.021603634877,4.563781172268709,3.084778014589035,14198.752646982668,303.0,123.99999999999996,131262.69340276718,199966.27768611905,108.0,72.99999999999999,89,8772,7692,flexsupport,CDH,13.203699398508356,5.094340712810308,5638.882652122422,8099.144406371281,4.574510027829667,3.2576056258787016,17313.32962834835,381.0,146.99999999999997,162713.05681961778,233705.26135849953,132.0,94.0
89,89.0,8786.0,7692.0,offtank,lateyoung,CDH,18.270496016711842,5.773205061042775,8341.588292146233,183.7256167919653,4.075203572500783,4.482723929750861,8833.914517283441,269.00000000000006,85.00000000000001,122814.79651865365,2705.027322292328,60.00000000000002,66.00000000000001,90,8786,7692,offtank,CDH,18.000954988214964,5.617747697664401,8633.97318011025,163.3995807734089,4.168006356331651,4.590847580887037,9932.806349277496,298.0,93.0,142932.6393714845,2705.027322292328,68.99999999999999,76.0
90,90.0,4654.0,4403.0,flexdps,Libero,NYE,19.636309095820586,3.2859146269215898,4654.385583574685,7770.702722470159,4.236058615429037,4.394415946846946,15155.597650647163,496.0,83.0,117566.65869271755,196282.7398742437,107.0,111.0,91,4654,4403,flexdps,NYE,18.36505022730397,3.3505943616079534,4609.089045029923,8117.814264554799,4.3937039270142035,4.014391357775567,18981.706866323948,581.0,106.0,145813.96195590493,256816.61794173717,139.00000000000003,127.0
91,91.0,4629.0,4525.0,flexdps,LiNkzr,HOU,18.587146779665133,5.290723427919664,6852.962606433021,5421.9159780548,4.873034736241795,5.569182555704908,8618.859144926071,267.0,76.0,98441.19905048607,77884.55018413067,70.0,79.99999999999999,92,4629,4525,flexdps,HOU,18.587146779665133,5.290723427919664,6852.962606433021,5421.9159780548,4.873034736241795,5.569182555704908,8618.859144926071,267.0,76.0,98441.19905048607,77884.55018413067,70.0,79.99999999999999
92,92.0,8891.0,4408.0,flexsupport,Luffy,SHD,16.22165660329639,4.6401482841987365,7826.760003781435,8736.583338204593,4.526973935803643,3.923377411029824,15904.664135694504,430.0,123.00000000000004,207469.98188471797,231587.372812748,120.0,104.0,93,8891,4408,flexsupport,SHD,16.371481840480367,4.824295979609236,7758.357218024176,9251.462487731664,4.6064245482720425,3.890561273878416,19277.424186468124,525.9999999999999,155.00000000000003,249268.57180333138,297240.61120200163,147.99999999999997,125.0
93,93.0,4093.0,4403.0,maintank,Mano,NYE,18.59830568425413,4.208101488154469,8150.926906756186,0.0,5.034692851899098,5.8988565503593895,15969.196605443954,495.0,112.0,216939.59048432115,0.0,134.0,156.99999999999997,94,4093,4403,maintank,NYE,17.883907808511935,4.364885973602913,7909.421065809869,0.0,4.910496720303279,5.668289424053782,19794.33151805401,590.0,144.0,260936.17115420106,0.0,162.00000000000003,186.99999999999997
94,94.0,8681.0,7698.0,mainsupport,Masaa,ATL,17.560087613098993,4.289487050527998,5072.143825698278,5857.394653503506,3.6192546988829983,3.306479601448665,13428.179015696047,393.0,96.0,113516.09214138982,131090.23995470998,80.99999999999999,74.0,95,8681,7698,mainsupport,ATL,16.411480209581224,4.5877546949511165,5138.662737636834,5991.295443077149,3.655284228497636,3.095801948625549,16086.300359785557,440.0,123.00000000000004,137770.12040877342,160629.63006925586,98.0,83.0
95,95.0,9285.0,4407.0,offtank,Mcgravy,FLA,14.211788957320671,3.3752998773636587,6016.591817605977,0.0,3.3752998773636587,3.908241963263184,3377.4776802659035,80.0,19.0,33868.17429205775,0.0,19.0,22.0,96,9285,4407,offtank,FLA,14.211788957320671,3.3752998773636587,6016.591817605977,0.0,3.3752998773636587,3.908241963263184,3377.4776802659035,80.0,19.0,33868.17429205775,0.0,19.0,22.0
96,96.0,4649.0,4403.0,offtank,MekO,NYE,21.755711312728053,2.780522689364207,7241.232405861211,13.933475763305152,3.0435451059256864,6.2373887356007875,15968.220712542534,579.0,74.0,192715.99547934526,370.8213604688645,81.0,165.99999999999997,97,4649,4403,offtank,NYE,21.430379383302554,2.879612505535704,7167.696969868065,11.240229757114792,3.0614827690432223,6.153277248671031,19794.32992821932,707.0,95.0,236466.26441177732,370.8213604688645,101.0,203.00000000000009
97,97.0,8242.0,4409.0,offtank,Michelle,SEO,19.018883423014074,2.984854943652108,7411.267069689091,21.176332022364427,2.296042264347776,5.051292981565107,15679.153889715672,497.00000000000006,78.0,193670.66150572893,553.3782809972763,60.00000000000002,132.0,98,8242,4409,offtank,SEO,19.018883423014074,2.984854943652108,7411.267069689091,21.176332022364427,2.296042264347776,5.051292981565107,15679.153889715672,497.00000000000006,78.0,193670.66150572893,553.3782809972763,60.00000000000002,132.0
98,98.0,5716.0,4404.0,mainsupport,moth,SFS,13.461112342918112,3.6132459446780185,4115.898847522245,7217.930704906149,3.4715500252788813,2.5859505290342693,16937.67901134491,380.0,101.99999999999996,116189.62253749373,203758.32234305143,98.0,73.00000000000001,99,5716,4404,mainsupport,SFS,12.858925215415654,3.7565399505708656,4176.348197886942,7091.142383079829,3.4097824166720163,2.2828204315007565,20763.78822702169,445.0,129.99999999999997,144528.01590538025,245398.2978832125,117.99999999999996,78.99999999999999
99,99.0,4623.0,4525.0,maintank,Muma,HOU,15.287341038698852,5.660722734950571,7171.990735773887,0.0,3.9658955687977056,4.982791868489426,17700.919951677322,451.00000000000006,167.0,211584.72318017486,0.0,116.99999999999996,147.0,100,4623,4525,maintank,HOU,15.287341038698852,5.660722734950571,7171.990735773887,0.0,3.9658955687977056,4.982791868489426,17700.919951677322,451.00000000000006,167.0,211584.72318017486,0.0,116.99999999999996,147.0
100,100.0,4642.0,4409.0,flexdps,Munchkin,SEO,16.718689947137438,4.897007581770235,5580.380656845329,7913.326543357362,4.973523325235393,3.672755686327676,15683.046986877918,436.99999999999983,128.00000000000003,145862.28674328327,206841.78666996962,129.99999999999997,96.0,101,4642,4409,flexdps,SEO,16.718689947137438,4.897007581770235,5580.380656845329,7913.326543357362,4.973523325235393,3.672755686327676,15683.046986877918,436.99999999999983,128.00000000000003,145862.28674328327,206841.78666996962,129.99999999999997,96.0
101,101.0,4612.0,7695.0,flexsupport,Neko,TOR,14.853389958693125,3.784303174189331,7699.212832438834,10635.500692249714,5.108809285155597,4.068125912253532,6341.986594438554,157.00000000000003,40.00000000000001,81380.50761842729,112417.00469231607,54.00000000000001,43.00000000000002,102,4612,7695,flexsupport,TOR,14.594536457407846,3.807270380193351,7118.206320704303,10170.947346382662,5.076360506924468,4.061088405539575,9455.593221664427,230.0,59.99999999999999,112178.10572743414,160287.23464393613,79.99999999999999,64.0
102,102.0,8236.0,4403.0,maindps,Nenne,NYE,22.99567878262797,2.7805232514942317,11310.695446006997,0.026347999783576232,5.072576202050288,7.777950176477108,15968.217484295368,611.9999999999999,74.00000000000001,301019.40796744823,0.7012176513671876,135.0,207.0,103,8236,4403,maindps,NYE,22.248799197631694,2.7886778285859894,11595.821628431735,0.0212551099715306,5.243926786362784,7.396058588858493,19794.32669997216,734.0000000000001,92.00000000000004,382552.46944630146,0.7012176513671876,173.00000000000009,244.00000000000009
103,103.0,4024.0,4524.0,mainsupport,neptuNo,PHI,15.143452189321264,4.651203172434387,4755.827111406855,4673.2888345633755,3.1729137920482655,2.9205229222262434,16640.855522871014,419.99999999999983,128.99999999999994,131901.71975445744,129612.54052102564,87.99999999999999,80.99999999999997,104,4024,4524,mainsupport,PHI,14.935084394601107,4.3770148324771565,4776.104443137052,4753.483018556979,3.253186699814102,2.72084705802634,20287.79965311289,505.00000000000017,148.00000000000006,161494.41677451134,160729.51855826384,110.00000000000004,92.0
104,104.0,4626.0,4404.0,offtank,Nevix,SFS,17.375784315553027,3.97485262120494,6318.108318307082,12.723959408604458,2.8391804437178148,4.542688709948503,5283.214750647545,153.00000000000003,35.0,55633.20510578156,112.0390167236328,25.000000000000004,39.99999999999999,105,4626,4404,offtank,SFS,17.375784315553027,3.97485262120494,6318.108318307082,12.723959408604458,2.8391804437178148,4.542688709948503,5283.214750647545,153.00000000000003,35.0,55633.20510578156,112.0390167236328,25.000000000000004,39.99999999999999
105,105.0,8743.0,7694.0,flexdps,NiCOgdh,PAR,17.50896363393691,6.0557317831661495,5298.430506896131,8947.083405134821,4.936737866711535,3.225335406251536,9115.331057667732,266.0,92.0,80494.91359400749,135926.04539728168,75.0,48.99999999999999,106,8743,7694,flexdps,PAR,16.036632924505042,6.536926617320237,5103.103005151666,8941.965045734703,4.843909651683341,2.9627796898645675,12758.28915977478,341.00000000000006,139.0,108511.439586401,190140.2928501368,103.0,62.99999999999999
106,106.0,8671.0,7698.0,flexdps,NLaaeR,ATL,13.965436276893525,6.2325087516714905,5095.7634072647415,6028.6247493057,4.501256320651631,4.039589005713003,5198.548656880856,121.00000000000004,54.00000000000001,44150.95669436456,52233.498488903046,39.0,35.00000000000001,107,8671,7698,flexdps,ATL,12.838363658023678,6.622965379139199,5046.246673634621,6297.309645783131,4.5851298778655964,3.668103902292479,5888.60091626644,126.0,65.0,49525.554643452175,61803.90558362007,44.99999999999999,35.99999999999999
107,107.0,8714.0,7693.0,maintank,NoSmite,HZS,13.603842358683293,6.188414563165733,6114.777721092437,0.0,3.7877364998686813,4.21452371112149,11246.822476029398,255.00000000000009,116.00000000000004,114619.69918251039,0.0,71.0,79.00000000000001,108,8714,7693,maintank,HZS,13.603842358683293,6.188414563165733,6114.777721092437,0.0,3.7877364998686813,4.21452371112149,11246.822476029398,255.00000000000009,116.00000000000004,114619.69918251039,0.0,71.0,79.00000000000001
108,108.0,4607.0,4402.0,offtank,NotE,BOS,16.906014326566893,5.2501099178205815,7161.304275110678,12.207066825562904,4.028386226252269,5.778422865525795,18171.04812914133,511.99999999999983,159.00000000000003,216880.67441743612,369.6919980049134,122.0,175.0,109,4607,4402,offtank,BOS,16.906014326566893,5.2501099178205815,7161.304275110678,12.207066825562904,4.028386226252269,5.778422865525795,18171.04812914133,511.99999999999983,159.00000000000003,216880.67441743612,369.6919980049134,122.0,175.0
109,109.0,4660.0,4410.0,mainsupport,NUS,LDN,13.749088755062274,3.1021620867967807,4348.285672814361,6378.053656508345,3.4085484657396723,1.7234233815537667,15666.4928008914,359.0,81.0,113537.31031560898,166536.2194889784,89.0,44.99999999999999,110,4660,4410,mainsupport,LDN,13.749088755062274,3.1021620867967807,4348.285672814361,6378.053656508345,3.4085484657396723,1.7234233815537667,15666.4928008914,359.0,81.0,113537.31031560898,166536.2194889784,89.0,44.99999999999999
110,110.0,5717.0,4523.0,maintank,OGE,DAL,15.139008636575804,6.3743194259266565,7388.786040143779,0.0,3.832180131063049,5.0463362121919335,15813.452898204328,399.00000000000006,168.00000000000006,194737.03336787227,0.0,101.00000000000004,133.0,111,5717,4523,maintank,DAL,15.76131781733971,6.348308565317383,7512.492057802671,0.0,3.971601910321713,5.316317517753474,19186.21294897795,504.00000000000017,203.0,240227.12066417933,0.0,127.00000000000004,170.00000000000003
111,111.0,4668.0,4524.0,offtank,Poko,PHI,18.30042188599877,3.6970549264643977,6713.810649801336,7.0176543304987815,4.140701517640125,5.101935798520869,16229.134052217007,495.0,100.0,181598.8883947134,189.81742143630984,112.0,138.0,112,4668,4524,offtank,PHI,17.992357590157372,3.562245294695588,6943.5949168020215,5.7303069183283375,3.9848845669476063,4.981105708684508,19875.10520553589,596.0000000000001,118.00000000000004,230007.7991267741,189.81742143630981,132.00000000000003,165.00000000000003
112,112.0,8702.0,7698.0,maintank,Pokpo,ATL,19.53341419992913,5.756223508191676,8337.68431751734,0.0,4.7653981502242555,5.1428554294499405,12716.670903384686,414.0,122.0,176712.64593696588,0.0,101.0,109.00000000000004,113,8702,7698,maintank,ATL,17.912437161239904,6.283011727580882,8114.571170393027,0.0,4.839089777764158,4.722015025076317,15374.792247474194,458.99999999999983,160.99999999999997,207933.07653689387,0.0,124.0,121.00000000000004
113,113.0,4662.0,4410.0,maindps,Profit,LDN,19.30234077844802,3.6000397483613367,9534.055241136546,3604.9391954956254,5.4000596225420034,5.36176132734667,15666.493689596653,504.0,94.0,248942.0271192193,94127.92859601976,140.99999999999997,139.99999999999994,114,4662,4410,maindps,LDN,19.30234077844802,3.6000397483613367,9534.055241136546,3604.9391954956254,5.4000596225420034,5.36176132734667,15666.493689596653,504.0,94.0,248942.0271192193,94127.92859601976,140.99999999999997,139.99999999999994
114,114.0,8781.0,7696.0,flexsupport,RAPEL,VAN,13.199800213886876,6.2116706888879385,8931.229342131322,9457.573122288137,5.435211852776947,4.658753016665955,772.738968372345,17.000000000000004,7.999999999999997,11502.514913558958,12180.392163038254,6.999999999999999,6.0,115,8781,7696,flexsupport,VAN,23.22471011476919,4.574564113515144,9059.49863811256,9164.976812144918,5.278343207902088,8.093459585449867,1705.0804855823515,66.0,13.0,25745.290561676025,26045.038522005085,14.999999999999995,22.999999999999996
115,115.0,4658.0,4404.0,maindps,Rascal,SFS,17.309643319337674,4.207869094203634,5613.017638333437,9570.254668143223,4.781669425231403,4.39913587121289,6273.959433853625,181.0,44.0,58693.07494068144,100072.31593263145,50.00000000000001,45.99999999999999,116,4658,4404,flexdps,SFS,14.376139909380806,4.514820797987358,4982.452333271444,9802.877926704634,4.752442945249851,3.38611559849052,10100.068649530407,242.0,75.99999999999997,83871.85101509091,165016.23337113854,79.99999999999997,56.99999999999999
116,116.0,4136.0,4525.0,flexsupport,Rawkus,HOU,13.167284695554946,4.83544353226594,6464.350009671162,8345.94421679971,4.091529142686563,3.5707890699810014,16130.888403415682,354.00000000000006,130.00000000000003,173792.84767770767,224379.15797054765,110.0,95.99999999999996,117,4136,4525,flexsupport,HOU,13.167284695554946,4.83544353226594,6464.350009671162,8345.94421679971,4.091529142686563,3.5707890699810014,16130.888403415682,354.00000000000006,130.00000000000003,173792.84767770767,224379.15797054765,110.0,95.99999999999996
117,117.0,8801.0,4523.0,offtank,rCk,DAL,17.014789129172122,3.753262307905615,7170.850739961799,120.5576243259832,4.837538085745015,4.712429342148161,14387.483626246452,408.00000000000006,90.0,171950.82934576273,2890.8680766820903,116.0,113.0,118,8801,4523,offtank,DAL,18.310559579808878,3.716165228374496,7415.754099139038,118.41052681972592,4.898581437402744,4.999931398176594,17760.24367702007,541.9999999999999,109.99999999999996,219509.33308261624,3504.999683737754,144.99999999999994,147.99999999999994
118,118.0,8715.0,7693.0,flexsupport,Revenge,HZS,8.325960628396022,4.757691787654871,6524.757119773824,8786.595401297007,4.460336050926442,1.9328122887347907,4035.570368349552,56.0,32.00000000000001,43885.194155395024,59098.206733584404,30.000000000000004,13.0,119,8715,7693,flexsupport,HZS,8.325960628396022,4.757691787654871,6524.757119773824,8786.595401297007,4.460336050926442,1.9328122887347907,4035.570368349552,56.0,32.00000000000001,43885.194155395024,59098.206733584404,30.000000000000004,13.0
119,119.0,8716.0,7693.0,offtank,Ria,HZS,17.526528008179426,4.3816320020448565,6880.948485412498,0.0,3.0163408709729085,5.429413567751236,18897.068480730057,552.0,138.0,216716.2579020262,0.0,95.0,171.0,120,8716,7693,offtank,HZS,17.526528008179426,4.3816320020448565,6880.948485412498,0.0,3.0163408709729085,5.429413567751236,18897.068480730057,552.0,138.0,216716.2579020262,0.0,95.0,171.0
120,120.0,8724.0,7699.0,maintank,Rio,GZC,16.61012044687287,4.7207710743743965,7659.6469114942165,0.0,4.7207710743743965,5.490081916124296,17158.213928163048,474.99999999999983,135.0,219043.10053601855,0.0,135.0,156.99999999999997,121,8724,7699,maintank,GZC,16.61012044687287,4.7207710743743965,7659.6469114942165,0.0,4.7207710743743965,5.490081916124296,17158.213928163048,474.99999999999983,135.0,219043.10053601855,0.0,135.0,156.99999999999997
121,121.0,8222.0,4406.0,maintank,rOar,GLA,14.392981708651336,6.423036229795341,7851.3574117287,0.0,4.808870056862482,4.338071589757062,17842.029205501083,428.0,191.00000000000003,233473.5804048181,0.0,143.00000000000006,129.00000000000003,122,8222,4406,maintank,GLA,15.512818523745885,6.175857940585626,8148.690595346933,0.0,4.88800130842559,5.034348652989231,20499.17618215084,530.0,211.00000000000003,278402.4069464207,0.0,167.0,172.00000000000003
122,122.0,8687.0,7695.0,mainsupport,RoKy,TOR,13.4248809121799,4.20342145065827,4397.917045736238,6307.075487539379,3.1932969160039577,1.9550797444922188,18413.57116067409,411.99999999999983,128.99999999999997,134968.93080067632,193559.63884258264,98.0,59.99999999999999,123,8687,7695,mainsupport,TOR,13.433575340149927,4.208443726893441,4350.445841140537,6199.050784193506,3.1772356613632606,2.0624161310603624,21528.148142039776,482.00000000000006,151.0,156095.07091999054,222423.4727035761,114.0,74.0
123,123.0,4105.0,4409.0,flexsupport,ryujehong,SEO,14.998942448760994,4.553250386231015,6836.444578174383,10337.425301095114,5.088926902258193,3.5201599624643145,15681.105571508408,392.0,118.99999999999996,178671.68194019797,270170.4291400909,132.99999999999997,92.0,124,4105,4409,flexsupport,SEO,14.998942448760994,4.553250386231015,6836.444578174383,10337.425301095114,5.088926902258193,3.5201599624643145,15681.105571508408,392.0,118.99999999999996,178671.68194019797,270170.4291400909,132.99999999999997,92.0
124,124.0,4669.0,4524.0,maintank,Sado,PHI,17.271756526176688,6.598604267829508,7378.208122657705,0.0,4.002432096880193,4.975996660986184,16639.88254839182,479.0,183.0,204620.86096435785,0.0,111.0,137.99999999999997,125,4669,4524,maintank,PHI,17.03568642396799,6.654565009362497,7416.727737108825,0.0,4.140618228047776,4.9983177181433875,20286.82563173771,575.9999999999999,225.0,250769.77060133216,0.0,139.99999999999997,169.00000000000003
125,125.0,4099.0,4403.0,flexdps,Saebyeolbe,NYE,9.59855118046018,5.906800726437035,3931.1366205016297,8532.988578475031,4.430100544827776,0.7383500908046293,812.6226399540901,13.0,8.0,5324.217697620391,11556.832842230795,6.000000000000001,1.0,126,4099,4403,flexdps,NYE,9.59855118046018,5.906800726437035,3931.1366205016297,8532.988578475031,4.430100544827776,0.7383500908046293,812.6226399540901,13.0,8.0,5324.217697620391,11556.832842230795,6.000000000000001,1.0
126,126.0,8730.0,7697.0,offtank,Sansam,WAS,11.254872377900671,4.604265972777546,5697.009987856355,10.613344983634642,2.455608518814692,3.325303202561562,11728.253823578358,220.0,89.99999999999996,111359.96528840065,207.4600064754486,48.0,65.0,127,8730,7697,offtank,WAS,11.254872377900671,4.604265972777546,5697.009987856355,10.613344983634642,2.455608518814692,3.325303202561562,11728.253823578358,220.0,89.99999999999996,111359.96528840065,207.4600064754486,48.0,65.0
127,127.0,5442.0,4407.0,maindps,sayaplayer,FLA,14.291229610703516,5.19681076752855,10946.45149556206,433.2865585838208,3.8976080756464135,8.444817497233895,923.6434064507484,22.0,7.999999999999997,16851.02957984805,667.0037882328032,6.0,12.999999999999998,128,5442,4407,maindps,FLA,14.291229610703516,5.19681076752855,10946.45149556206,433.2865585838208,3.8976080756464135,8.444817497233895,923.6434064507484,22.0,7.999999999999997,16851.02957984805,667.0037882328032,6.0,12.999999999999998
128,128.0,8728.0,7696.0,maindps,SeoMinSoo,VAN,20.650434827387546,3.218249583488968,12078.947197342783,0.0,5.2028368266405,7.348336548966478,11186.205129861832,385.0,59.99999999999999,225195.96850374335,0.0,97.00000000000004,137.00000000000003,129,8728,7696,maindps,VAN,23.103124204703537,3.1154825985327017,12297.198189418603,0.0,5.3408273117703455,7.808936902815733,14829.163231968882,571.0,77.00000000000001,303928.59874460107,0.0,132.00000000000003,193.00000000000003
129,129.0,4644.0,4406.0,flexsupport,Shaz,GLA,14.42818851879124,4.237649774749873,8084.3112476963415,10876.65238734835,5.280246147902623,3.6659033765693367,17840.077405750748,429.0,125.99999999999994,240374.56405180693,323400.5341762304,157.00000000000003,109.0,131,4644,4406,flexsupport,GLA,15.309389903026938,4.12738810005124,8050.359972323095,11016.12925441144,5.298278341200527,3.7175765156489886,20497.22438240052,523.0,141.00000000000006,275016.7245196701,376333.45525532967,181.00000000000003,127.0
130,130.0,8725.0,7699.0,flexsupport,shu,GZC,15.24461066245312,3.356611522008027,7367.109868717571,10079.963478194672,5.104846689720541,4.125834995801534,17160.162748157978,435.99999999999983,96.0,210701.34055125716,288289.6896355152,146.0,118.0,132,8725,7699,flexsupport,GZC,15.24461066245312,3.356611522008027,7367.109868717571,10079.963478194672,5.104846689720541,4.125834995801534,17160.162748157978,435.99999999999983,96.0,210701.34055125716,288289.6896355152,146.0,118.0
131,131.0,4139.0,4404.0,maindps,sinatraa,SFS,21.098132403076594,3.8468399306361465,13063.725372623703,253.86285029843063,5.472823818843176,5.869405254991232,15129.301205515862,532.0,97.0,329408.3933809399,6401.279211759565,138.0,148.0,133,4139,4404,maindps,SFS,20.16414509078993,3.7352733449186992,13132.003965345386,202.6315899412517,5.4446357231018325,5.792839170509509,18954.43611812592,637.0000000000001,118.0,414849.5504401923,6401.27921175957,172.00000000000003,183.00000000000003
132,132.0,4488.0,4404.0,flexsupport,sleepy,SFS,14.719573291781485,2.9115639478249085,7765.034976733526,11039.571140861975,5.17611368502206,3.477701382124197,7418.693316400051,182.0,35.99999999999999,96010.68847250937,136498.65439772606,63.99999999999999,43.0,134,4488,4404,flexsupport,SFS,14.719573291781485,2.9115639478249085,7765.034976733526,11039.571140861975,5.17611368502206,3.477701382124197,7418.693316400051,182.0,35.99999999999999,96010.68847250937,136498.65439772606,63.99999999999999,43.0
133,133.0,8749.0,7696.0,mainsupport,SLIME,VAN,15.324537621941516,2.9030956364547595,4424.068903521429,6546.2847770544995,3.2838294904160388,2.47477005074832,12607.23192870617,322.0,61.0,92958.77122545242,137550.88409280774,68.99999999999999,52.00000000000002,135,8749,7696,mainsupport,VAN,16.578267668819272,2.9538116113709165,4574.807885282949,6220.4934304350745,3.2861154176501453,2.732275740518098,16250.190030813215,449.0,79.99999999999999,123902.49581718445,168473.66721665856,88.99999999999999,73.99999999999999
134,134.0,7831.0,4404.0,maintank,Smurf,SFS,15.314935761934429,4.981967055087103,7939.018609376701,0.0,4.797449756750543,5.9045535467699,3251.727645099163,83.0,27.0,43025.877145111546,0.0,26.0,32.0,136,7831,4404,maintank,SFS,15.314935761934429,4.981967055087103,7939.018609376701,0.0,4.797449756750543,5.9045535467699,3251.727645099163,83.0,27.0,43025.877145111546,0.0,26.0,32.0
135,135.0,4493.0,4524.0,flexdps,snillo,PHI,13.115662856790571,7.286479364883653,4268.438246715948,6369.452282835083,2.9145917459534614,2.9145917459534614,411.72147065401083,9.0,5.000000000000001,2929.0127872228627,4370.733768582345,2.0000000000000004,2.0000000000000004,137,4493,4524,flexdps,PHI,13.115662856790571,7.286479364883653,4268.438246715948,6369.452282835083,2.9145917459534614,2.9145917459534614,411.72147065401083,9.0,5.000000000000001,2929.0127872228627,4370.733768582345,2.0000000000000004,2.0000000000000004
136,136.0,3987.0,7694.0,maindps,SoOn,PAR,20.20771366773921,6.121554954722303,9645.888996129135,54.559360629314575,4.344329322706152,5.331676896048458,9115.331057667732,306.99999999999994,93.0,146542.45257538554,828.8777240514754,66.00000000000001,81.0,138,3987,7694,maindps,PAR,20.03514027853834,6.141724549670979,9785.716894563522,49.4246472474015,4.4125011327733255,5.187670250692963,10062.320362985134,336.0,103.0,164111.69729095694,828.8777240514754,74.00000000000001,87.0
137,137.0,4637.0,4405.0,offtank,SPACE,VAL,17.680847398938006,3.5708378080208125,7206.442574068405,0.3785781304205089,4.2642043726850485,5.200249234981764,17306.862793147564,510.00000000000017,103.0,207868.1880934984,10.919999599456787,123.00000000000004,149.99999999999997,139,4637,4405,offtank,VAL,17.895679196769972,3.435970405779836,7142.04752118504,0.3126732954571764,4.209063747080298,5.096689435240088,20954.778853416443,624.9999999999999,120.00000000000004,249433.37727837265,10.919999599456787,147.0,178.0
138,138.0,4094.0,4525.0,offtank,SPREE,HOU,17.64294682180052,4.889805486191905,7464.072428065223,2.164730001394336,4.2290209610308365,5.5505900113529725,9080.115788936617,267.00000000000006,74.00000000000003,112957.7365064025,32.759998440742486,64.00000000000001,84.00000000000001,140,4094,4525,offtank,HOU,17.64294682180052,4.889805486191905,7464.072428065223,2.164730001394336,4.2290209610308365,5.5505900113529725,9080.115788936617,267.00000000000006,74.00000000000003,112957.7365064025,32.759998440742486,64.00000000000001,84.00000000000001
139,139.0,8752.0,7695.0,flexdps,Stellar,TOR,17.859226370853666,4.790704884152351,5276.443505094534,8630.593452864694,4.823294713296245,4.660345567576777,18410.651904642582,548.0,147.0,161904.60777801275,264824.7529852986,148.0,143.0,141,8752,7695,flexdps,TOR,17.449291804936205,4.7107513019715945,5101.584936261963,8654.052642344514,4.794374106148605,4.376260085263551,21525.228886008263,626.0000000000001,169.0,183021.3057240844,310467.43986338377,172.0,156.99999999999997
140,140.0,8747.0,7696.0,maindps,Stitch,VAN,9.28905775087072,6.755678364269611,6847.565096929524,0.0,3.3778391821348066,4.64452887543536,1421.0267988443375,22.0,15.999999999999995,16217.622515946628,0.0,7.999999999999997,11.0,142,8747,7696,maindps,VAN,9.28905775087072,6.755678364269611,6847.565096929524,0.0,3.3778391821348066,4.64452887543536,1421.0267988443375,22.0,15.999999999999995,16217.622515946628,0.0,7.999999999999997,11.0
141,141.0,8783.0,7697.0,flexdps,Stratus,WAS,6.857066232097287,6.171359608887558,2814.3200220166827,8350.62059230774,3.4285331160486434,0.6857066232097286,875.0097777843475,10.0,9.0,4104.262561798097,12178.124448060986,5.0,1.0,143,8783,7697,flexdps,WAS,6.857066232097287,6.171359608887558,2814.3200220166827,8350.62059230774,3.4285331160486434,0.6857066232097286,875.0097777843475,10.0,9.0,4104.262561798097,12178.124448060986,5.0,1.0
142,142.0,4610.0,4404.0,maindps,STRIKER,SFS,14.085318821164938,7.042659410582469,8429.293452814338,0.0,4.225595646349482,6.573148783210304,1277.926345050335,30.000000000000004,15.000000000000002,17953.360289186247,0.0,9.0,13.999999999999998,144,4610,4404,maindps,SFS,14.085318821164938,7.042659410582469,8429.293452814338,0.0,4.225595646349482,6.573148783210304,1277.926345050335,30.000000000000004,15.000000000000002,17953.360289186247,0.0,9.0,13.999999999999998
143,143.0,4490.0,4404.0,maintank,super,SFS,16.790942588624777,5.0855074158759095,8814.966498896913,0.0,4.910145091190535,6.137681363988168,13685.949957072737,383.00000000000017,116.0,201068.6506286264,0.0,112.00000000000004,140.0,145,4490,4404,maintank,SFS,15.623519615885515,5.344888289645046,8481.415335589645,0.0,4.762432514491419,5.6189851250114575,17512.05917274952,456.0,156.0,247545.07870918512,0.0,139.0,164.0
144,144.0,4144.0,4406.0,maindps,Surefour,GLA,17.007361060011142,4.5387742706164715,9977.13090905328,33.44330133530213,4.747453547426424,4.956132824236377,11500.902421593668,325.99999999999994,87.00000000000004,191243.3483874798,641.0469088554382,91.00000000000004,95.00000000000004,146,4144,4406,maindps,GLA,17.007361060011142,4.5387742706164715,9977.13090905328,33.44330133530213,4.747453547426424,4.956132824236377,11500.902421593668,325.99999999999994,87.00000000000004,191243.3483874798,641.0469088554382,91.00000000000004,95.00000000000004
145,145.0,8705.0,4407.0,maintank,SWoN,FLA,17.04189871677089,6.368098034292308,6978.1244254001085,0.0,3.871514145848165,5.282626778447028,16582.659285604954,471.0,176.00000000000003,192859.76633161303,0.0,107.0,146.0,147,8705,4407,maintank,FLA,17.04189871677089,6.368098034292308,6978.1244254001085,0.0,3.871514145848165,5.282626778447028,16582.659285604954,471.0,176.00000000000003,192859.76633161303,0.0,107.0,146.0
146,146.0,3504.0,4407.0,flexdps,TviQ,FLA,19.172682603835398,4.7461787818318015,6059.52414852817,6529.760276617622,4.6991869127047545,4.6991869127047545,12768.166305065157,408.00000000000006,101.0,128948.35342994335,138955.10857343677,100.0,100.0,148,3504,4407,flexdps,FLA,19.172682603835398,4.7461787818318015,6059.52414852817,6529.760276617622,4.6991869127047545,4.6991869127047545,12768.166305065157,408.00000000000006,101.0,128948.35342994335,138955.10857343677,100.0,100.0
147,147.0,8729.0,7696.0,flexsupport,Twilight,VAN,15.870173692553527,3.904164135228824,7622.69820470247,9422.418055990216,5.070343032764706,4.259088147522353,11833.518878757954,312.99999999999994,77.0,150338.9051873684,185833.93658185005,100.0,84.0,149,8729,7696,flexsupport,VAN,17.20281006906435,3.8778516702447208,7967.427829693471,9349.525631684903,5.1154639054292055,4.579165270182596,14544.135463654995,417.00000000000006,94.0,193132.24941992763,226634.61218023289,123.99999999999996,111.0
148,148.0,3983.0,4523.0,flexsupport,uNKOE,DAL,14.455156047233205,4.894265433315179,7040.076417468455,9162.790889913987,4.476924970009233,3.680184085516065,15814.42630249262,381.00000000000017,129.00000000000003,185557.9494466186,241507.1354228259,118.0,97.0,150,3983,4523,flexsupport,DAL,15.32427785881942,4.753653539878679,7097.5267921221275,9179.943104097048,4.597283357645827,4.034350701607562,19185.243357539173,489.99999999999983,151.99999999999997,226946.2979058623,293532.4041007757,146.99999999999997,128.99999999999997
149,149.0,8688.0,4404.0,flexsupport,Viol2t,SFS,16.197551536390456,3.781529541569756,8751.420671898943,11875.670680963542,5.483217835276146,3.2773256026937885,9519.957362294195,256.99999999999994,59.99999999999999,138855.25275996327,188426.46421903366,86.99999999999999,51.99999999999999,151,8688,4404,flexsupport,SFS,14.6570736245736,4.001471020205677,8830.85307652318,11692.631223829378,5.3952418249964165,3.2371450949978504,13345.092274904253,326.00000000000006,89.00000000000004,196414.24862053996,260065.4043640495,120.0,72.00000000000001
150,150.0,5809.0,4406.0,offtank,Void,GLA,19.032676964968946,3.3290371369822003,7682.944334988431,0.6395577684752062,2.0175982648376967,4.976742386599653,17842.99710571766,566.0000000000001,99.0,228477.9225543141,19.019379019737247,59.99999999999999,148.0,152,5809,4406,offtank,GLA,20.370588534506254,3.131685306310588,7698.704362870266,0.5566608393575981,2.048766088240572,5.3267918294254875,20500.14408236742,696.0,107.0,263040.9144773185,19.019379019737247,70.0,182.00000000000003
151,151.0,4640.0,4407.0,offtank,xepheR,FLA,19.839367752925504,4.544485716803131,6656.558622910071,32.634087802779874,3.5183115226862967,7.183219358817855,12278.617092728617,406.00000000000006,93.0,136222.22414335608,667.8357805013658,72.00000000000001,147.00000000000003,153,4640,4407,offtank,FLA,19.839367752925504,4.544485716803131,6656.558622910071,32.634087802779874,3.5183115226862967,7.183219358817855,12278.617092728617,406.00000000000006,93.0,136222.22414335608,667.8357805013658,72.00000000000001,147.00000000000003
152,152.0,8753.0,7695.0,maintank,Yakpung,TOR,15.314790801662776,6.451762933466448,6739.935600372571,0.0,3.9101593536160286,4.529267917938566,18413.571798145767,469.99999999999983,198.0,206843.81348723173,0.0,120.0,138.99999999999997,154,8753,7695,maintank,TOR,15.106485094057827,6.466244542105932,6612.750752489761,0.0,3.7905571453724436,4.570965969419712,21527.178425371647,542.0,232.0,237256.4422189295,0.0,136.00000000000003,164.00000000000003
153,153.0,8894.0,4408.0,flexdps,YOUNGJIN,SHD,18.151750325828225,5.1628003184071245,5592.6755926242895,7176.785509134142,4.384282810075892,4.835003472793972,14643.215955972672,443.0,126.0,136491.26079082483,175152.03346657753,107.0,118.0,155,8894,4408,flexdps,SHD,17.552035766515612,5.4954191678843936,5503.464627329513,7370.3566667949035,4.429640905021966,4.363029763593064,18015.004310965538,527.0000000000001,165.0,165241.56497764587,221295.0118761063,133.0,131.0
154,154.0,8813.0,7692.0,mainsupport,Yveltal,CDH,7.394005233124036,5.0701750169993405,2745.818035561948,7107.241536032006,3.3378652195245646,1.3520466711998238,14200.693222343922,175.0,120.00000000000004,64987.53261232378,168212.92785048485,78.99999999999999,32.0,156,8813,7692,mainsupport,CDH,7.657980409199271,4.885860804059263,2676.4301868165007,7471.457698613154,3.4998010014892595,1.3167568124415037,17315.270203709602,221.0,140.99999999999997,77238.51977682112,215617.18144512177,101.0,38.0
155,155.0,8642.0,4523.0,flexdps,ZachaREEE,DAL,15.972757731982096,5.577186191452181,4951.612775215301,8654.83787008104,4.894265433315179,3.718124127634787,15814.42630249262,421.00000000000017,147.00000000000006,130511.52552020554,228118.8260940314,129.00000000000003,98.0,157,8642,4523,flexdps,DAL,16.762034570458503,5.410134292330823,5040.336132662801,8814.28266714662,4.878502598864787,3.7839667593758928,19186.21505331993,536.0000000000001,173.00000000000003,161174.954970479,281854.53798770905,156.0,121.0
156,,,,,GuardiaN,,,,,,,,,,,,,,,63,8863,4408,flexdps,SHD,10.410048357306973,5.205024178653487,6450.123285262336,0.0,2.9742995306591347,2.230724647994351,806.9126781821251,14.000000000000005,7.000000000000003,8674.4770911932,0.0,4.0,3.0
157,,,,,ShaDowBurn,,,,,,,,,,,,,,,130,3479,7694,maindps,PAR,12.685606762483781,7.566853156569272,9688.419497169445,0.0,4.89619910130953,2.448099550654765,2695.968796789646,56.99999999999999,33.99999999999999,43532.79442429543,0.0,22.0,11.0
