,playerId,teamId,role,name,team,eliminations_avg_per_10m,deaths_avg_per_10m,hero_damage_avg_per_10m,healing_avg_per_10m,ultimates_earned_avg_per_10m,final_blows_avg_per_10m,time_played_total,total_elims,total_deaths,total_hero_damage,total_healing,total_ultimates,total_final_blows
0,5197,7697,flexdps,Ado,WAS,10.0069165147901,5.109016448479333,4347.798947736937,8826.520300938206,4.391220749106203,2.5333965860228096,14210.171513855457,237.00000000000006,121.0,102971.61459183694,209043.94557809833,103.99999999999999,60.0
1,8675,7693,flexdps,Adora,HZS,14.18563433885192,4.298677072379371,4294.318757279122,8900.980565242058,4.728544779617307,2.794140097046591,2791.5565179586406,65.99999999999999,20.0,19979.722528457638,41412.65052187443,21.999999999999996,12.999999999999998
2,4142,4405,flexdps,Agilities,VAL,16.51006097382893,5.39891044983603,5908.822155706751,10008.673399039399,5.447115007423852,3.7117509342622697,24893.91169732809,685.0,224.0,245156.16163229942,415258.3863384723,226.00000000000003,153.99999999999997
3,8751,7695,flexsupport,Aid,TOR,16.253043547234082,4.9206462115479335,7053.51855825331,10708.957094708821,4.721832223202561,3.181023813525936,12071.585203707216,327.0,99.0,141911.91710314155,215456.81335270405,94.99999999999999,63.99999999999999
4,5863,4402,flexsupport,AimGod,BOS,14.492127715806024,4.580844967639834,7586.072156951053,10002.721911291623,4.7474211482812825,3.664675974111868,21611.733359098434,522.0000000000001,164.99999999999997,273246.9478315115,360293.5980200767,170.99999999999997,132.0
5,3985,4523,maindps,aKm,DAL,21.946288102541228,4.476408945103173,10386.12685537972,18.997010588526205,4.9121655680778185,6.932491729142082,15146.069278180601,554.0000000000002,113.0,262181.66147258884,479.5500640869139,124.00000000000001,175.0
6,8672,4402,mainsupport,alemao,BOS,13.045985441951409,4.711050298482453,4793.268094141436,4990.147961771174,3.261496360487852,1.8119424224932512,1655.6817494630814,36.0,13.0,13226.877506256107,13770.161512374878,9.0,5.0
7,8812,7692,maintank,ameng,CDH,15.55874028088922,6.468560519710352,7330.6294882541615,0.0,4.758808840491758,4.616329533890208,21055.689219415188,546.0,226.99999999999994,257252.42714560035,0.0,167.0,161.99999999999997
8,4841,4403,mainsupport,Anamo,NYE,19.06873482811984,1.8271435810916223,5164.348214370417,6250.91697723055,3.4881832002658237,2.0929099201594945,18060.977988541126,574.0,55.0,155455.29904150963,188162.78988993168,104.99999999999999,62.99999999999999
9,6981,4407,flexdps,Apply,FLA,13.566367386904638,5.873244417501399,4827.617156595542,7690.288899802999,4.715139884472953,2.977983084930287,7253.231258869171,164.0,71.00000000000001,58359.70611011981,92965.73972964287,56.99999999999999,36.0
10,5715,4404,flexdps,Architect,SFS,15.222207120647465,4.4487436303300685,5243.971435991112,8473.734890062495,4.823938876261519,3.751952459314516,11194.171689391134,284.0,82.99999999999999,97836.52764791247,158094.07201623914,89.99999999999997,70.0
11,4652,4403,mainsupport,ArK,NYE,10.032708095530491,2.767643612560136,3005.7645935554997,5154.747516908129,2.421688160990119,1.037866354710051,1734.3273455500605,29.0,8.000000000000002,8688.29954814911,14900.032629966736,7.000000000000002,3.000000000000001
12,5878,4402,maintank,Axxiom,BOS,13.589014561645525,6.323051673581997,7227.732158597082,0.0,3.7716448579261033,3.3833872990219462,10817.5614451766,245.00000000000003,113.99999999999996,130310.72789150472,0.0,67.99999999999997,60.999999999999986
13,8896,7692,maindps,Baconjack,CDH,15.318466063982735,5.5867346821584105,7452.730316096863,25.975727998828987,4.50543119528904,6.067314009655907,9987.945226430893,254.99999999999994,93.00000000000001,124062.43697422743,432.4069141149521,74.99999999999999,100.99999999999999
14,4624,4525,flexsupport,Bani,HOU,14.522001182233842,5.350210961875625,6364.565789283623,7591.461944926478,4.2037371843308495,3.057263406786072,1570.0315482616425,38.0,13.999999999999998,16654.28180027008,19864.724584937096,11.000000000000002,7.999999999999999
15,8676,7693,flexdps,Bazzi,HZS,15.925613790521743,5.930075000693318,5250.646707118291,7845.662161749598,4.615676933529334,3.668087629294836,19628.756800949574,520.9999999999999,194.0,171772.7787695527,256667.6575256586,151.0,120.00000000000001
16,4655,4410,flexsupport,Bdosin,LDN,15.271654336084046,4.1562097243773035,7851.748760983646,8173.604442592874,4.4461778446826985,4.188428404411237,18622.736852288246,473.9999999999999,128.99999999999997,243701.75167679787,253691.47444850206,138.0,130.0
17,8731,7693,flexsupport,BEBE,HZS,14.980603866919113,4.4713349232416535,7984.454188968449,10263.201113411162,5.026172103497916,2.9373733072390418,18383.771605372433,459.00000000000006,137.00000000000006,244640.63700592524,314460.5753482581,154.00000000000003,90.00000000000001
18,8708,7694,maintank,BenBest,PAR,13.502061931932685,7.074319772787264,7357.85777133507,0.0,4.6021112500390275,3.8414317045780315,15775.368315875532,355.0000000000001,186.00000000000003,193454.8605977297,0.0,121.00000000000004,101.00000000000004
19,4643,4406,mainsupport,BigG00se,GLA,13.504552491753843,4.894772743293678,4755.825141339412,5043.815998085592,3.363587423596681,2.53524126703929,23903.050485908985,538.0000000000001,195.0,189464.5474259853,200937.64740645885,134.0,101.00000000000001
20,4656,4410,maindps,BIRDRING,LDN,17.051886520350234,4.939167130032484,9647.421402473788,12.965313492032564,4.351171043123855,6.8207546081400965,5102.074770212174,145.0,42.000000000000014,82036.44222527744,110.24999809265141,37.000000000000014,58.000000000000014
21,8184,4402,flexdps,blase,BOS,15.465218065388553,5.913988236854148,4811.927915552758,8579.98724876325,4.747849711277276,3.2762939528112187,21609.782583534718,557.0000000000001,212.99999999999991,173307.86010456085,309019.43169212335,171.0,118.0
22,4625,4525,mainsupport,Boink,HOU,12.476862772981095,4.547123321708666,4026.804572449789,5650.5513550270725,3.160805235821877,2.689457086620369,21640.05526971817,450.0,164.0,145233.78918027878,203797.07271194455,113.99999999999999,97.0
23,4079,4524,flexsupport,Boombox,PHI,17.346763705993162,4.870766163751775,7910.898601085082,8965.245091198592,5.127122277633447,4.528958011909545,14042.965254426004,406.0000000000001,114.00000000000004,185154.12364387515,209831.04218852523,120.00000000000003,106.00000000000001
24,8704,4407,maindps,bqb,FLA,18.308626317362886,4.6745428895394605,9291.522200015606,53.97389190735479,4.5846478339713945,4.884298019198282,20023.348210036755,611.0,156.0,310078.9740203321,1801.2300531864166,153.00000000000003,162.99999999999997
25,8771,7696,maintank,BUMPER,VAN,17.198075316263054,6.212917260848958,8780.207920028995,0.0,5.132409911136096,5.552607213802209,19990.609046518803,573.0,207.0,292536.1731274128,0.0,171.00000000000003,185.0
26,4620,4524,maindps,carpe,PHI,20.4359251859392,4.584035316672323,10027.156792892456,7.2202128320556875,4.46573763108078,7.393605349471488,20287.801811158653,691.0000000000001,154.99999999999997,339048.2829060256,244.13707828521723,151.00000000000003,249.99999999999994
27,8721,7699,mainsupport,Chara,GZC,13.479198551846366,3.763672322918141,5289.461612883104,5194.127101469753,3.1509814796523967,2.4507633730629754,20565.020904898643,462.00000000000006,129.0,181296.4810743332,178028.88737404346,108.0,84.00000000000001
28,5831,4404,offtank,Choihyobin,SFS,19.006815734011017,3.373223270199908,6932.776012600375,9.408219565589881,3.275918752790295,5.8707058837133,18498.62727773189,585.9999999999999,104.0,213744.73242849106,290.0652451515198,100.99999999999999,180.99999999999994
29,4663,4523,mainsupport,Closer,DAL,14.292236493215167,3.3150482894547224,4133.009861406764,5139.760466313383,2.9710338443226276,2.1579087921922246,19185.240891456604,456.99999999999994,106.00000000000001,132154.64966309073,164345.90445101264,94.99999999999997,69.0
30,5306,4402,maindps,ColourHex,BOS,17.912849655468406,4.554856636109324,9781.260631458692,13.67943073011074,4.379669842412812,4.335873143988684,13699.662796258926,409.0000000000001,104.0,223333.28728884459,312.33931374549866,100.0,99.00000000000001
31,8892,4408,mainsupport,CoMa,SHD,13.629174084218016,3.778384894634697,3807.445522587628,5334.388683530807,2.9417425251084426,2.2670309367808184,22231.72131544352,505.0000000000001,140.00000000000003,141076.77963650227,197654.40433418757,109.00000000000001,84.00000000000001
32,4138,4525,offtank,coolmatt,HOU,19.21497867913682,4.6089982642524125,8592.748389623135,1.3603027090636846,4.41425185872062,5.063406543826594,9242.789334595203,296.00000000000006,71.0,132368.27195078137,20.95498561859131,68.0,78.0
33,8784,7697,maindps,Corey,WAS,12.211447248928616,5.648291561393694,9869.95440604082,0.0,4.4549905272964345,4.097000217067256,15084.207157850266,306.99999999999994,142.0,248134.0614987612,0.0,112.00000000000001,102.99999999999999
34,3577,4405,mainsupport,Custa,VAL,14.447980160614295,4.5149938001919665,4927.26492850935,5851.685290804381,3.4991201951487745,1.9188723650815855,5315.621917128563,128.0,39.99999999999999,43652.46240913867,51842.24430656433,31.0,16.999999999999996
35,8701,7698,offtank,Daco,ATL,21.100590503555445,3.2983792435964614,7293.643939660016,0.34949263447684903,2.3043471427865687,5.60272638638303,13279.24922066927,467.0,73.00000000000001,161423.5260026157,7.734999656677246,51.0,124.00000000000001
36,8711,7698,maindps,dafran,ATL,21.833532837316017,5.458383209329004,10942.336185129041,30.648309387566176,5.057031502760696,8.067169302023014,14949.48171842098,543.9999999999999,135.99999999999997,272637.0912606716,763.6272348165511,126.0,200.99999999999997
37,4489,4525,maindps,Danteh,HOU,18.34898158990423,4.042460660082171,9183.397294843051,407.43118189519663,5.053075825102714,5.084657549009607,18998.329596221447,581.0,128.0,290782.0143674612,12900.853135704998,160.0,161.00000000000003
38,8895,4408,maindps,DDing,SHD,19.483454025376147,3.2101612668238024,7537.9220360948975,986.0673965596077,4.640431138180942,5.689295710509511,18877.556285500526,613.0,101.0,237162.57918682694,31024.23796641827,146.0,179.0
39,8180,4406,maindps,Decay,GLA,20.802838841966373,4.2573251583559095,11880.443421577995,0.656777500608893,4.93462688809435,7.2568042471975716,12402.15347337723,430.0,88.00000000000001,245571.80441030866,13.575758934020996,102.00000000000001,149.99999999999997
40,8893,4408,maindps,diem,SHD,20.292655693623573,4.749344949571473,9992.93127487251,20.529615410565214,4.722360035085272,7.717685543053643,22234.64522397518,752.0000000000002,176.0,370315.4694072605,760.781192064285,175.0,285.99999999999994
41,9251,7698,flexsupport,Dogman,ATL,17.654422336602785,5.848369009339003,7138.974933526107,8129.281413206059,4.5365853063096955,5.356450120703013,10977.41949892044,322.99999999999994,106.99999999999999,130612.5377293229,148730.88716256618,83.00000000000001,97.99999999999999
42,4616,4523,maindps,EFFECT,DAL,13.172061822806649,6.146962183976437,9168.783911559944,8.554601401611384,4.610221637982328,4.610221637982328,5466.114642381668,119.99999999999999,56.0,83529.37331968546,77.9340533018112,42.00000000000001,42.00000000000001
43,8722,7699,flexdps,Eileen,GZC,17.65964105284718,3.624180066815654,6462.721042989962,3591.952285148773,4.810275361409867,4.942063727475892,9105.507836699486,267.99999999999994,55.0,98077.26183891296,54510.91613578797,73.0,75.00000000000001
44,5175,4524,flexsupport,Elk,PHI,13.064766293642455,5.475674108364852,6413.144661552365,7953.259430291814,4.2268361538255,4.034707237742523,6245.806328713894,136.00000000000003,57.0,66758.76585680248,82790.86347270012,44.000000000000014,42.0
45,8787,7692,offtank,Elsa,CDH,17.155296784001848,3.790123708093432,7377.509510199698,48.57166172925308,3.3056718055551744,5.385965269395929,21054.7217310071,601.9999999999998,132.99999999999997,258885.68300852185,1704.4380362033844,116.0,188.99999999999994
46,4634,7695,offtank,Envy,TOR,19.233958406039726,4.287519993376227,7644.930524361097,133.3602351757635,3.6168464748592752,6.131872169297844,25049.44587218761,803.0,178.99999999999997,319168.7889443636,5567.666654229163,150.99999999999997,255.99999999999994
47,4083,4524,flexdps,eqo,PHI,18.631888421774594,4.9980780052062,5549.101845025271,8757.705928445728,4.4953127620789495,3.903824240752772,20287.798608660694,629.9999999999998,168.99999999999994,187631.76781803364,296124.29025030124,151.99999999999994,131.99999999999997
48,8692,7698,flexdps,Erster,ATL,22.52622993642386,4.284650138566496,6658.547146408156,6475.469524344653,4.836139760362183,5.811852168154553,14143.511848151684,531.0,100.99999999999999,156958.73409450057,152643.13323318958,113.99999999999997,136.99999999999997
49,8684,7697,mainsupport,Fahzix,WAS,8.353724901513008,3.9570275849272143,4415.193239470817,6917.597763118553,3.253556014273487,1.0991743291464484,13646.606914162638,190.00000000000003,90.0,100420.67764854431,157336.22910594943,74.0,25.000000000000004
50,4636,4405,maintank,Fate,VAL,14.847585242008758,6.339147595208285,8155.391710006071,0.0,4.603715553934534,4.1698575436160965,24892.93672847748,616.0,263.00000000000006,338352.74972188484,0.0,191.00000000000003,173.00000000000003
51,5864,7694,offtank,Finnsi,PAR,18.56172509261252,4.64043127315313,7014.84922272941,0.0,4.0698864444867615,5.553302999019319,15774.395889341831,488.00000000000006,122.00000000000001,184425.01457229257,0.0,107.00000000000001,146.00000000000003
52,4657,4409,maintank,Fissure,SEO,15.99476412196154,5.701482904718348,8093.900123181618,0.0,4.4387383687740165,5.012713157839621,15680.13120341301,418.0,149.0,211522.35979801413,0.0,116.00000000000003,131.0
53,8831,4409,maindps,FITS,SEO,21.46064985045913,2.861419980061217,12392.058851803456,7.511240793505049,4.828646216353304,6.617033703891563,3354.977621912956,120.00000000000001,15.999999999999996,69291.80022871491,42.00007462501526,26.999999999999996,36.999999999999986
54,4631,4409,maindps,Fleta,SEO,18.660258736653798,4.255295488932875,9504.775474261009,2095.3188942385395,4.255295488932875,6.241100050434882,19035.105837106705,592.0000000000001,134.99999999999997,301540.6785174906,66474.36152386665,134.99999999999997,197.99999999999994
55,4659,4410,offtank,Fury,LDN,19.620149051011012,3.157265364530507,7223.2540150172545,15.033203519711696,3.382784319139829,6.250096742029778,18623.71172869205,608.9999999999999,97.99999999999997,224206.33419799796,466.62341451644886,104.99999999999997,193.99999999999991
56,8203,4402,maintank,Fusions,BOS,15.20585613128717,6.608452242711303,8178.985238640571,0.0,4.459101270567335,5.3573374977319785,18703.320453941822,473.99999999999994,206.00000000000006,254956.96984392405,0.0,139.0,167.00000000000003
57,4606,4408,maintank,Gamsu,SHD,17.138083370276895,6.817359130717883,7188.151604904215,0.0,4.229287608871278,5.902065543723349,19010.293797791004,543.0,216.00000000000009,227748.12312048674,0.0,134.0,186.99999999999994
58,8712,7698,maintank,Gator,ATL,13.437371910236076,5.8788502107282845,6701.287101222071,0.0,4.1991787219487735,5.8788502107282845,714.4254147410393,15.999999999999998,7.000000000000001,7979.283027648925,0.0,4.999999999999999,7.000000000000001
59,5210,4408,offtank,Geguri,SHD,17.013852129911395,5.143722736949957,6466.584281114016,0.0,3.561038817888432,4.985454345043803,7582.057197570801,215.0,65.0,81716.68648719789,0.0,45.00000000000001,62.999999999999986
60,4666,4410,maintank,Gesture,LDN,16.11018272443532,5.413021395410269,7411.4353921029215,0.0,4.446410431944148,5.2196992027170435,18621.762715637684,499.99999999999994,168.00000000000003,230023.3187566996,0.0,138.0,161.99999999999997
61,4413,7697,flexsupport,Gido,WAS,8.96670277101397,5.033196366748408,7720.387667619742,10357.789121574853,4.779421760021598,2.157084157177889,14185.816486656666,211.99999999999997,118.99999999999999,182533.33776450157,244889.49281024936,113.0,51.0
62,8713,7693,maindps,GodsB,HZS,18.332386211060612,4.469355470433756,10569.231802929975,60.635505521926795,4.362305040004205,5.941298888840081,22419.3400285244,684.9999999999998,167.0,394925.33605030185,2265.6800268292427,163.0,221.99999999999991
63,8789,4410,flexdps,Guard,LDN,17.617480460973763,4.2157698836083295,5985.634294896612,6814.3180484025925,5.058923860329997,3.5944985323397343,13520.662079215048,397.0,94.99999999999996,134882.89771842954,153556.8193879127,113.99999999999999,80.99999999999999
64,8863,4408,flexdps,GuardiaN,SHD,7.407309137942629,5.290935098530449,5955.33457738473,0.0,3.7036545689713143,1.5872805295591352,1134.015044271946,13.999999999999998,10.0,11255.731674045326,0.0,6.999999999999999,3.000000000000001
65,8741,7693,maintank,Guxue,HZS,15.035586912122865,5.423550993301459,8121.316860981362,0.0,4.5106760736368585,4.564374598323012,11173.491329729555,280.0,100.99999999999996,151239.10588693616,0.0,83.99999999999999,85.0
66,4664,4407,flexsupport,HaGoPeun,FLA,12.826275859884104,5.124516757103229,5636.451913290267,9465.48469623192,4.3453504665495215,3.3564086362313543,20021.40003889799,428.0,171.0,188082.76425999403,315853.7594422102,145.0,112.0
67,8750,7696,flexdps,Haksal,VAN,20.35054670650217,3.7819600074030575,5801.058582331212,9688.188238042414,5.2227066768899375,4.892535565132529,19989.63496494293,677.9999999999998,125.99999999999994,193268.40578508374,322772.2439168691,173.99999999999997,163.0
68,8723,7699,maindps,Happy,GZC,17.125357814056045,3.8801918045476222,10131.626450315922,894.2150014835556,4.6678999152452585,5.5139567748834635,20565.993646621704,587.0,133.00000000000003,347278.2753452361,30650.70006537437,159.99999999999997,189.00000000000006
69,4671,7699,offtank,HOTBA,GZC,17.418752699705976,3.0927768612543267,6627.624047405207,4.758574038158946,2.8301825994497145,5.251885236092254,20564.044175565243,597.0000000000001,105.99999999999999,227151.25614979866,163.0925445556641,97.0,180.00000000000003
70,4645,4406,flexdps,Hydration,GLA,15.712830430711227,5.346378405337845,5457.6970814820315,9421.41941756179,5.170675828636601,2.886542331520433,23904.031909227368,626.0,212.99999999999997,217434.94197773925,375349.8506460189,205.99999999999997,115.0
71,8782,7697,mainsupport,Hyeonu,WAS,6.677800953041069,6.260438393476001,3572.634840339715,7475.306214478678,3.756263036085601,0.8347251191301336,1437.599004149437,16.0,15.0,8560.027147769928,17910.821282744408,9.0,2.0
72,8742,7694,mainsupport,HyP,PAR,14.529873658424926,6.123847274885898,7008.869337008451,10658.12198139519,4.75453980969402,3.727559210800112,15774.397313296797,382.0000000000001,161.00000000000003,184267.81606492403,280209.0845801831,125.00000000000001,98.00000000000004
73,8717,7693,mainsupport,iDK,HZS,12.684925092368019,3.8804095746695415,4516.011749481803,5434.008494237783,3.1043276597356333,1.9535855100060449,22420.313713252544,473.99999999999994,145.0,168750.6669268608,203053.62526881698,116.0,72.99999999999999
74,8754,7695,maindps,ivy,TOR,20.669511066003427,5.005710095938256,11527.605262924066,15.57426180796417,5.029660861947531,6.921771376680173,25051.39083099365,863.0,208.99999999999994,481304.24131155014,650.2615324258802,209.99999999999997,288.9999999999999
75,5872,4405,flexsupport,IZaYaKI,VAL,14.847004995159182,5.061478975622449,8123.637364447071,10947.290708212804,5.181990379803935,4.073285461334256,24893.909587860107,616.0,210.00000000000006,337048.49012517923,454201.441870451,215.0,169.00000000000003
76,4140,4525,flexdps,Jake,HOU,15.397982783872305,5.784216330729233,5007.321241818321,6271.782172356526,4.308243887715567,4.467808476149477,15040.931221365927,385.99999999999994,144.99999999999997,125524.62400245665,157222.40714967248,107.99999999999999,111.99999999999999
77,4648,7697,maintank,Janus,WAS,10.144370184933749,6.723131612760015,6350.079863865223,0.0,3.8986206985235583,3.3018930405862794,15082.257174253464,254.99999999999994,169.0,159622.5626397729,0.0,97.99999999999999,83.0
78,8179,4409,mainsupport,Jecse,SEO,13.544963141018519,4.1706242439859285,3804.18859461868,5447.06803370438,3.061008619439213,2.104443425864459,15681.105794727802,353.99999999999994,109.0,99423.13969218732,142360.08351266384,79.99999999999999,54.99999999999999
79,8811,7692,flexdps,JinMu,CDH,16.215640832880723,6.526154219208587,8327.102698463243,5135.573847853128,5.215223677358827,6.127175358645617,21053.747028470043,569.0,229.00000000000006,292194.522822559,180205.12106454378,183.00000000000003,215.00000000000003
80,8748,7696,offtank,JJANU,VAN,22.899639984094467,2.5210612826526013,7063.62385848425,0.06092606898404429,2.2809602081142586,6.242627937996918,19991.58066755533,763.0,83.99999999999999,235355.0102869272,2.030014038085937,75.99999999999999,207.99999999999997
81,4653,4403,flexsupport,JJONAK,NYE,18.52045241795032,3.0614823145875327,8956.78431290057,9159.425978848196,4.758937855348936,5.2439251527093385,19794.33286654949,610.9999999999999,100.99999999999999,295489.2835057377,302174.54448640347,156.99999999999997,173.00000000000003
82,4635,4405,maindps,KariV,VAL,18.294254343111295,4.709412009117759,10591.6393223259,30.19234319287576,4.942295020557649,5.3304333729574624,23187.608089625835,707.0,182.00000000000003,409324.63605460525,1166.8137021064758,191.00000000000003,205.99999999999997
83,3981,4402,mainsupport,Kellex,BOS,12.47802780465257,4.3597928474087295,4586.736590754505,5883.8472149596655,3.36756413041226,1.894254823356896,19955.076547205448,415.0,145.0,152547.7996172905,195687.70261096954,112.0,63.0
84,8691,7698,flexsupport,Kodak,ATL,15.267538424959946,5.167474543832596,7866.836978223136,10207.394051980898,5.167474543832596,4.110491114412293,5108.878578126431,130.00000000000006,44.000000000000014,66984.5248594284,86913.89468443395,44.000000000000014,35.00000000000001
85,8706,4407,mainsupport,Kris,FLA,12.826899011071832,4.345561580853775,3724.724744012961,5056.228961362762,2.7571838995761877,2.4874593876611266,20020.4273673892,427.99999999999994,144.99999999999997,124284.30200171469,168713.10778975484,91.99999999999997,83.0
86,8744,7694,mainsupport,Kruise,PAR,13.121721192128375,5.933300017310223,5234.714612224524,5828.2208305150425,3.6512615491139817,3.0046839831250485,15775.369478523733,345.0,156.00000000000003,137632.5952041149,153237.22833967206,95.99999999999999,79.0
87,5865,4405,maindps,KSF,VAL,17.240058610351415,4.573893100705479,11256.029445349837,0.0,4.925731031528977,5.629406893175972,1705.3306293487549,48.99999999999999,13.000000000000002,31992.086296677586,0.0,14.000000000000002,15.999999999999998
88,4647,4405,mainsupport,KuKi,VAL,11.798783377417355,4.413051445059998,3690.4118136051093,5533.16203750612,2.911388106115971,1.9000638166230548,19578.289778769016,384.99999999999994,143.99999999999997,120419.91981625555,180549.749605298,95.00000000000001,62.0
89,8674,7699,flexdps,Kyb,GZC,14.134322531267802,3.455056618754351,4420.811225353766,8130.327458088734,4.554392815630736,3.5597553041711496,11461.461958408358,270.00000000000006,66.0,84448.26614116137,155309.06478381157,87.00000000000001,68.0
90,8772,7692,flexsupport,Kyo,CDH,13.39428929107327,4.987235374335792,6095.723467842564,8385.407903678524,4.67375200794897,3.2773261031349485,21053.748644053936,470.0,175.0,213896.38282603023,294240.4504698515,163.99999999999997,115.0
91,8786,7692,offtank,lateyoung,CDH,17.35075121658128,5.638994145388918,8947.858544327091,146.7929033244426,4.33768780414532,4.554572194352587,11065.803295969963,319.99999999999994,104.00000000000003,165025.4042861462,2707.302322387695,79.99999999999999,84.0
92,4654,4403,flexdps,Libero,NYE,18.36505022730397,3.350594361607953,4609.089045029923,8117.814264554799,4.393703927014204,4.014391357775567,18981.706866323948,581.0,105.99999999999999,145813.96195590496,256816.61794173717,139.00000000000003,127.00000000000001
93,4629,4525,flexdps,LiNkzr,HOU,18.524272829054922,5.392339693389276,7005.295650346511,4940.940605407728,4.948264659816042,5.9632933079834345,9457.861132621763,291.9999999999999,84.99999999999999,110425.18908989428,77884.55018413067,77.99999999999999,93.99999999999999
94,8891,4408,flexsupport,Luffy,SHD,16.624167598869718,4.911685881484235,7542.9088106154895,9108.107119317645,4.533863890600832,3.940143619212628,22232.692121386528,616.0,182.0,279498.6154768467,337496.2356539965,167.99999999999997,145.99999999999997
95,4093,4403,maintank,Mano,NYE,17.883907808511935,4.364885973602913,7909.421065809869,0.0,4.9104967203032786,5.668289424053782,19794.33151805401,590.0,144.0,260936.17115420103,0.0,162.00000000000003,186.99999999999994
96,8218,4409,maintank,Marve1,SEO,16.274326136598173,4.6498074675994765,7256.2677659804085,0.0,5.00748496510713,3.7556137238303466,3354.977621912956,91.0,25.99999999999999,40574.359955787644,0.0,27.999999999999996,20.999999999999993
97,8681,7698,mainsupport,Masaa,ATL,16.411480209581224,4.587754694951116,5138.662737636834,5991.295443077149,3.6552842284976363,3.095801948625549,16086.300359785557,440.0,123.00000000000003,137770.12040877342,160629.63006925586,98.0,83.0
98,9285,4407,offtank,Mcgravy,FLA,14.211788957320671,3.3752998773636587,6016.591817605977,0.0,3.3752998773636587,3.9082419632631837,3377.4776802659035,80.0,19.0,33868.17429205775,0.0,19.0,21.999999999999996
99,4649,4403,offtank,MekO,NYE,21.430379383302554,2.879612505535704,7167.696969868065,11.240229757114792,3.0614827690432223,6.153277248671031,19794.32992821932,707.0,94.99999999999999,236466.26441177726,370.8213604688645,101.0,203.00000000000006
100,8242,4409,offtank,Michelle,SEO,19.018883423014074,2.984854943652108,7411.267069689091,21.176332022364427,2.296042264347776,5.051292981565106,15679.153889715672,497.00000000000006,78.0,193670.66150572896,553.3782809972763,60.000000000000014,132.0
101,5716,4404,mainsupport,moth,SFS,13.322722080256774,3.6082372300695424,4265.042802369011,6999.928545427127,3.4316102327934117,2.2709185364074043,23778.92431378365,528.0000000000002,143.00000000000003,169030.21665430072,277417.9518060089,136.00000000000006,90.0
102,4623,4525,maintank,Muma,HOU,15.08178710020039,5.794289529304929,7186.081424918341,0.0,4.0754093818556205,5.0734688223100575,21641.997584998608,544.0,209.0,259201.92807281014,0.0,147.0,183.0
103,4642,4409,flexdps,Munchkin,SEO,16.718689947137438,4.897007581770235,5580.380656845329,7913.326543357362,4.973523325235393,3.672755686327676,15683.046986877918,436.9999999999999,128.00000000000003,145862.28674328327,206841.78666996956,129.99999999999997,96.0
104,4612,7695,flexsupport,Neko,TOR,14.839546175306443,3.236038106764645,7281.232833129198,9976.126014058298,4.946515391768814,4.437995117848655,12978.833565711975,321.00000000000006,70.0,157503.1818239689,215797.46527838707,107.0,96.0
105,8236,4403,maindps,Nenne,NYE,22.248799197631694,2.788677828585989,11595.821628431735,0.0212551099715306,5.243926786362784,7.396058588858493,19794.326699972156,734.0000000000001,92.00000000000003,382552.4694463015,0.7012176513671876,173.00000000000006,244.00000000000009
106,4024,4524,mainsupport,neptuNo,PHI,14.935084394601107,4.3770148324771565,4776.104443137052,4753.483018556979,3.253186699814102,2.72084705802634,20287.799653112892,505.00000000000017,148.00000000000006,161494.41677451137,160729.51855826384,110.00000000000003,92.00000000000001
107,4626,4404,offtank,Nevix,SFS,17.375784315553027,3.97485262120494,6318.108318307082,12.723959408604458,2.8391804437178148,4.542688709948503,5283.214750647545,153.00000000000003,35.0,55633.205105781555,112.0390167236328,25.000000000000004,39.99999999999999
108,8743,7694,flexdps,NiCOgdh,PAR,14.98631245566801,6.314030120915963,5084.106747740092,9367.214949006882,4.982758709879466,2.8146881261914536,15774.39418131113,393.99999999999994,165.99999999999997,133664.50649785995,246270.23497784135,131.0,74.0
109,8671,7698,flexdps,NLaaeR,ATL,12.838363658023678,6.622965379139199,5046.2466736346205,6297.309645783131,4.585129877865597,3.668103902292479,5888.60091626644,125.99999999999999,65.0,49525.554643452175,61803.905583620064,44.999999999999986,35.99999999999999
110,8714,7693,maintank,NoSmite,HZS,13.603842358683293,6.188414563165733,6114.777721092437,0.0,3.787736499868681,4.21452371112149,11246.822476029398,255.00000000000009,116.00000000000003,114619.6991825104,0.0,71.0,79.00000000000001
111,4607,4402,offtank,NotE,BOS,17.73956258293653,4.969298438725571,6966.583479866256,10.263183622877943,3.94212501843034,5.802141752478459,21612.70878058672,638.9999999999999,179.00000000000003,250944.56657665968,369.6919980049132,141.99999999999997,209.00000000000003
112,4660,4410,mainsupport,NUS,LDN,13.307012345158023,3.3509183629453614,4221.662623812462,6271.847898170353,3.318697994070887,1.7076795503471556,18621.760735809803,413.0,103.99999999999999,131024.6521465778,194654.75155186653,103.0,53.00000000000001
113,5717,4523,maintank,OGE,DAL,15.76131781733971,6.3483085653173825,7512.492057802671,0.0,3.9716019103217133,5.316317517753474,19186.21294897795,504.0000000000001,203.0,240227.12066417938,0.0,127.00000000000003,170.00000000000003
114,4668,4524,offtank,Poko,PHI,17.992357590157372,3.562245294695588,6943.594916802022,5.7303069183283375,3.9848845669476063,4.981105708684508,19875.105205535892,596.0000000000001,118.00000000000004,230007.79912677407,189.8174214363098,132.00000000000003,165.00000000000003
115,8702,7698,maintank,Pokpo,ATL,17.912437161239904,6.283011727580882,8114.571170393027,0.0,4.839089777764158,4.722015025076317,15374.792247474194,458.9999999999999,160.99999999999997,207933.07653689384,0.0,124.0,121.00000000000003
116,4662,4410,maindps,Profit,LDN,19.07246317593154,3.930473830175081,9388.1899695415,3473.439020637741,5.219153774494779,5.670191755006673,18623.70878493786,592.0,122.0,291404.8600173592,107813.86133766174,162.0,175.99999999999997
117,8781,7696,flexsupport,RAPEL,VAN,23.22471011476919,4.574564113515144,9059.49863811256,9164.976812144918,5.278343207902088,8.093459585449867,1705.0804855823515,66.0,13.0,25745.290561676025,26045.03852200508,14.999999999999996,22.999999999999993
118,4658,4404,flexdps,Rascal,SFS,14.867137194629702,3.9798182644085665,4924.749719021942,9864.659926831757,4.940464052369253,3.5681129267111285,13116.176803052424,325.0,87.0,107656.48004245755,215644.37283718586,107.99999999999996,77.99999999999999
119,4136,4525,flexsupport,Rawkus,HOU,13.272887567618966,4.783022546889717,6636.875694485911,8479.21944170241,4.155250837610442,3.4676913464950467,20070.99047911167,443.9999999999999,159.99999999999997,222014.44812512398,283643.8878078461,138.99999999999997,116.00000000000003
120,8801,4523,offtank,rCk,DAL,18.310559579808878,3.716165228374496,7415.754099139038,118.41052681972592,4.898581437402744,4.999931398176594,17760.24367702007,541.9999999999998,109.99999999999997,219509.33308261624,3504.999683737754,144.99999999999994,147.99999999999994
121,8715,7693,flexsupport,Revenge,HZS,8.325960628396022,4.7576917876548706,6524.757119773824,8786.595401297007,4.460336050926441,1.9328122887347907,4035.570368349552,56.0,32.00000000000001,43885.194155395024,59098.2067335844,30.000000000000004,13.0
122,8716,7693,offtank,Ria,HZS,16.88720848929448,4.683457187997677,6823.244271407849,18.12715843964503,3.077700437827045,5.379285113071618,22419.335927546024,631.0,174.99999999999997,254954.34239399433,677.3314241170883,115.0,201.0
123,8724,7699,maintank,Rio,GZC,16.01900936183814,4.785277842152012,7638.547012117697,0.0,4.5518496547299625,5.222955693568355,20563.069323420525,549.0000000000001,164.0,261786.61956730485,0.0,156.0,179.00000000000003
124,8222,4406,maintank,rOar,GLA,14.860023634174619,6.099638079568298,7990.644826713188,0.0,4.7943657333232315,4.6688587769535115,23903.05754178762,591.9999999999999,242.99999999999994,318334.73848152155,0.0,191.00000000000003,185.99999999999994
125,8687,7695,mainsupport,RoKy,TOR,13.820130000318839,4.023885338047774,4399.819695721029,6122.810620062092,3.1376724957396327,2.035894367464647,25050.415588855743,577.0,168.0,183695.51982307434,255631.58434069157,131.0,85.0
126,4105,4409,flexsupport,ryujehong,SEO,15.033066232190144,4.25464138646891,6988.516236338196,10115.998853391391,4.947990353152732,3.655840006151063,19038.03226697445,477.0,135.00000000000003,221745.99600946903,320981.1876392364,157.00000000000003,116.00000000000001
127,4669,4524,maintank,Sado,PHI,17.03568642396799,6.654565009362497,7416.727737108825,0.0,4.140618228047776,4.998317718143388,20286.82563173771,575.9999999999999,225.0,250769.77060133216,0.0,139.99999999999997,169.00000000000003
128,4099,4403,flexdps,Saebyeolbe,NYE,9.59855118046018,5.906800726437035,3931.1366205016297,8532.988578475031,4.430100544827776,0.7383500908046293,812.6226399540901,13.0,8.0,5324.217697620391,11556.832842230797,6.000000000000001,1.0
129,8730,7697,offtank,Sansam,WAS,11.972014506024651,4.494477206580684,5814.098574612834,8.251542215760924,2.6250928817196906,3.3410273040068788,15085.1805190444,301.0,113.00000000000003,146177.87758925554,207.46000647544858,66.0,84.0
130,5442,4407,maindps,sayaplayer,FLA,14.291229610703516,5.19681076752855,10946.45149556206,433.2865585838208,3.8976080756464135,8.444817497233895,923.6434064507484,21.999999999999996,7.999999999999998,16851.02957984805,667.0037882328033,6.0,12.999999999999998
131,8728,7696,maindps,SeoMinSoo,VAN,22.81030139430756,3.1339932510592545,12133.824942990343,55.763078561945925,5.234091821356693,7.624973270618392,18570.556902229786,706.0,97.0,375553.1442424954,1725.919039130211,162.0,236.0
132,3479,7694,maindps,ShaDowBurn,PAR,12.081727681322965,7.038919605640334,10057.188098967848,0.0,4.937749574105906,2.941638044148199,5711.10372787714,115.00000000000003,67.0,95729.40740662813,0.0,47.0,28.0
133,4644,4406,flexsupport,Shaz,GLA,14.735719920294326,3.9914471334357713,7929.501395796266,11205.26932318327,5.2717226290661126,3.5897920759831154,23901.105742037296,587.0000000000001,159.00000000000003,315873.08557093143,446363.8782690167,210.0,143.00000000000003
134,8725,7699,flexsupport,shu,GZC,14.996339796507506,3.238509177845007,7555.849086527524,10404.226353442426,5.134933471177668,4.055430411895999,20565.018143415447,513.9999999999999,111.00000000000001,258976.95592224595,356605.1728779077,175.99999999999997,139.0
135,4139,4404,maindps,sinatraa,SFS,20.64582444529387,3.6867543652310486,13394.735090479719,174.81440057049886,5.571095485238029,6.035353442341198,21970.544271647934,756.0000000000001,135.00000000000006,490482.7005206346,6401.279211759569,204.00000000000009,221.00000000000009
136,4488,4404,flexsupport,sleepy,SFS,14.719573291781485,2.9115639478249085,7765.034976733526,11039.571140861975,5.1761136850220595,3.477701382124197,7418.693316400051,182.0,35.99999999999999,96010.68847250938,136498.65439772606,63.999999999999986,43.0
137,8749,7696,mainsupport,SLIME,VAN,16.176807442355067,3.241364014423649,4606.574368793516,6102.937271063446,3.271376644186831,2.671124048923192,19991.583701074123,539.0000000000001,108.00000000000001,153487.8617815971,203345.63546144962,109.00000000000001,89.0
138,7831,4404,maintank,Smurf,SFS,15.314935761934429,4.981967055087103,7939.0186093767015,0.0,4.797449756750543,5.9045535467699,3251.727645099163,83.0,26.999999999999996,43025.87714511155,0.0,25.999999999999996,32.0
139,4493,4524,flexdps,snillo,PHI,13.115662856790573,7.286479364883653,4268.438246715948,6369.452282835083,2.9145917459534614,2.9145917459534614,411.72147065401083,9.0,5.000000000000001,2929.0127872228622,4370.733768582345,2.0000000000000004,2.0000000000000004
140,3987,7694,maindps,SoOn,PAR,20.03514027853834,6.141724549670979,9785.716894563522,49.4246472474015,4.4125011327733255,5.187670250692963,10062.320362985134,336.0,103.0,164111.69729095697,828.8777240514754,74.00000000000001,87.0
141,4637,4405,offtank,SPACE,VAL,18.05119660130592,3.42225623148924,6962.775872331604,0.26317631462747176,4.217569299370542,5.229785931219473,24895.856486737728,749.0,142.0,288907.11477814615,10.919999599456785,174.99999999999997,217.00000000000003
142,4094,4525,offtank,SPREE,HOU,17.533791120207933,4.974474447025285,8318.728350321497,1.6135027240402149,4.383447780051983,5.269987780511936,12182.191434562206,355.99999999999994,101.0,168900.56875956056,32.75999844074249,88.99999999999999,107.00000000000001
143,8752,7695,flexdps,Stellar,TOR,17.582595647408677,4.599262076706356,5006.709256879862,8666.372715746933,4.7669435065862755,4.287853706929361,25047.496332824234,734.0000000000003,192.00000000000006,209009.21958535913,361784.89802759886,199.00000000000006,178.99999999999997
144,8747,7696,maindps,Stitch,VAN,9.28905775087072,6.755678364269613,6847.565096929524,0.0,3.3778391821348066,4.64452887543536,1421.0267988443375,22.0,15.999999999999996,16217.622515946627,0.0,7.999999999999998,11.0
145,8783,7697,flexdps,Stratus,WAS,7.11280555049224,5.757985445636575,4484.048619543323,8441.198980529596,3.7257552883530782,2.370935183497413,1771.4528972506525,21.000000000000004,17.0,13238.801530838015,24921.977317214012,11.0,6.999999999999999
146,4610,4404,maindps,STRIKER,SFS,14.085318821164938,7.042659410582469,8429.293452814338,0.0,4.225595646349482,6.5731487832103035,1277.926345050335,30.000000000000004,15.000000000000002,17953.360289186243,0.0,9.0,13.999999999999998
147,4490,4404,maintank,super,SFS,16.04624488706503,5.202607631871722,8808.588669222889,0.0,4.910326304238478,5.757942154374883,20528.167326271534,549.0,178.0,301373.63685017824,0.0,167.99999999999997,197.0
148,4144,4406,maindps,Surefour,GLA,17.007361060011142,4.538774270616472,9977.13090905328,33.44330133530213,4.747453547426424,4.956132824236377,11500.902421593668,325.99999999999994,87.00000000000003,191243.3483874798,641.0469088554383,91.00000000000003,95.00000000000003
149,8705,4407,maintank,SWoN,FLA,16.090434082799682,6.412202781599872,6769.202079948536,0.0,3.7454455499999257,5.183696641199899,20024.319937050343,537.0000000000001,213.99999999999997,225914.44694572687,0.0,125.0,173.00000000000006
150,4104,4409,mainsupport,tobi,SEO,15.196874008697955,2.8605880486960866,4472.3742574085,6398.533604943718,3.039374801739591,3.396948307826602,3355.953334271908,85.0,16.000000000000004,25015.132168769836,35788.63364326954,17.0,19.0
151,3504,4407,flexdps,TviQ,FLA,19.172682603835398,4.7461787818318015,6059.52414852817,6529.760276617622,4.6991869127047545,4.6991869127047545,12768.166305065157,408.00000000000006,101.0,128948.35342994335,138955.10857343677,100.00000000000001,100.00000000000001
152,8729,7696,flexsupport,Twilight,VAN,17.39080109036469,4.134416862992361,7942.788497579037,9490.512627220578,5.118801830371495,4.757860675665811,18285.5291339159,529.9999999999999,126.00000000000001,242063.48412835598,289231.7419013977,156.0,144.99999999999997
153,3983,4523,flexsupport,uNKOE,DAL,15.32427785881942,4.753653539878679,7097.5267921221275,9179.943104097048,4.597283357645827,4.034350701607562,19185.243357539173,489.99999999999983,151.99999999999997,226946.29790586227,293532.4041007757,146.99999999999997,128.99999999999997
154,8688,4404,flexsupport,Viol2t,SFS,15.549906293894804,3.814127958879857,9190.662151764156,11574.296291670016,5.354448865350569,3.4840591932075613,16360.227205991743,424.00000000000006,104.0,250602.20162728432,315596.8618019819,146.0,95.0
155,5809,4406,offtank,Void,GLA,19.477097267280925,3.011922257826949,7543.353388530515,0.4773740916632791,2.0832462283303057,5.0449697818601384,23904.999477624893,775.9999999999997,120.00000000000001,300539.7646872699,19.019379019737244,82.99999999999999,200.99999999999997
156,4640,4407,offtank,xepheR,FLA,18.62562511712065,4.618239014695899,6970.244679602156,25.489464933233823,3.625890135505044,6.6411040376618695,15720.277744174004,488.0,121.00000000000001,182623.63718032837,667.8357805013655,95.00000000000001,173.99999999999997
157,8753,7695,maintank,Yakpung,TOR,15.449443551551207,6.395351051572361,6626.0419921662315,0.0,3.808467480149833,4.8623830092479015,25049.44587218761,644.9999999999998,266.99999999999994,276631.13371601695,0.0,158.99999999999997,203.00000000000003
158,8894,4408,flexdps,YOUNGJIN,SHD,18.15891745781915,5.346128659456624,5546.598136522767,7554.409451884378,4.509862723899163,4.3903961616766685,20089.30327743292,608.0000000000001,179.0,185712.15353775024,252938.03760135174,151.0,147.0
159,8813,7692,mainsupport,Yveltal,CDH,7.8648577244055415,4.616329533890208,2734.535850562327,7645.673194898868,3.6474702489996713,1.168330314132707,21055.689219415188,276.00000000000006,161.99999999999997,95962.56171464923,268308.1977750063,128.0,41.0
160,8642,4523,flexdps,ZachaREEE,DAL,16.762034570458503,5.410134292330823,5040.336132662801,8814.28266714662,4.878502598864787,3.7839667593758928,19186.21505331993,536.0000000000001,173.00000000000003,161174.954970479,281854.53798770905,156.0,121.0
161,4098,4409,offtank,ZUNBA,SEO,21.096851639486754,2.681803174511028,8252.743840284968,0.0,2.5030162962102933,5.3636063490220565,3355.95098310709,118.0,14.999999999999998,46159.673006892204,0.0,14.000000000000002,30.000000000000004
